incident_id,company,first_file_date,url,incident_text,coderB_infra,coderB_root_cause,coderB_basis
0001104659-24-028288,"Cencora, Inc.",2024-02-27,https://www.sec.gov/Archives/edgar/data/1140859/000110465924028288/tm247267d1_8k.htm,"Item 1.05 Material Cybersecurity Incidents. On February 21, 2024, Cencora, Inc. (the “Company”), learned that data from its information systems had been exfiltrated, some of which may contain personal information. Upon initial detection of the unauthorized activity, the Company immediately took containment steps and commenced an investigation with the assistance of law enforcement, cybersecurity experts and external counsel. As of the date of this filing, the incident has not had a material impact on the Company’s operations, and its information systems continue to be operational. The Company has not yet determined whether the incident is reasonably likely to materially impact the Company’s financial condition or results of operations. Forward-Looking Statements Certain of the statements contained in this Current Report on Form 8-K are “forward-looking statements” within the meaning of Section 27A of the Securities Act of 1933, as amended, and Section 21E of the Securities Exchange Act of 1934, as amended (the “Securities Exchange Act”). Words such as “aim,” “anticipate,” “believe,” “can,” “continue,” “could,”, “estimate,” “expect,” “intend,” “may,” “might,” “on track,” “opportunity,” “plan,” “possible,” “potential,” “predict,” “project,” “seek,” “should,” “strive,” “sustain,” “synergy,” “target,” “will,” “would” and similar expressions are intended to identify forward-looking statements, but the absence of these words does not mean that a statement is not forward-looking. These statements are based on management’s current expectations and are subject to uncertainty and changes in circumstances and speak only as of the date hereof. These statements are not guarantees of future performance and are based on assumptions and estimates that could prove incorrect or could cause actual results to vary materially from those indicated. A more detailed discussion of the risks and uncertainties that could cause our actual results to differ materially from those indicated is included in the “Risk Factors” and “Management’s Discussion and Analysis” sections in the Company’s Annual Report on Form 10-K for the fiscal year ended September 30, 2023 and elsewhere in that report and (ii) other reports filed by the Company pursuant to the Securities Exchange Act. The Company undertakes no obligation to publicly update or revise any forward-looking statements, except as required by the federal securities laws. ",,,
0001437749-24-022743,BASSETT FURNITURE INDUSTRIES INC,2024-07-15,https://www.sec.gov/Archives/edgar/data/10329/000143774924022743/bset20240715_8k.htm,"Item 1.05 Material Cybersecurity Incidents. On July 10, 2024, Bassett Furniture Industries, Incorporated (the “Company”) detected unauthorized occurrences on a portion of its information technology (IT) systems. Upon detecting the unauthorized occurrences, the Company immediately began taking steps to contain, assess and remediate the incident, including beginning an investigation, activating its incident response plan, and shutting down some systems. The threat actor disrupted the Company’s business operations by encrypting some data files. As a result of the Company’s containment measures, which included shutting down some systems, the Company has not been, and, as of the date of this Report is not operating its manufacturing facilities. The Company’s retail stores and e-commerce platform are open, and customers are able to place orders and purchase available merchandise; however, the Company’s ability to fulfill orders is currently impacted. The Company is working to bring the impacted portions of its IT systems back online and implement workarounds for certain offline operations with the aim of reducing disruption to its ability to serve its retail, e-commerce and wholesale customers. At this time, the Company does not believe personal information from consumers was compromised. The Company continues to work diligently to respond to and mitigate the impact from the incident. As the investigation of the incident is ongoing, the full scope, nature and impact of the incident are not yet known. As of the date of this filing, the incident has had and is reasonably likely to continue to have a material impact on the Company’s business operations until recovery efforts are completed. The Company has not yet determined whether the incident is reasonably likely to materially impact the Company’s financial condition or results of operations. Forward-Looking Statements Certain of the statements in this Current Report on Form 8-K (this “Report”), particularly those preceded by, followed by or including the words “believes,” “plans,” “expects,” “anticipates,” “intends,” “should,” “estimates,” or similar expressions, constitute “forward looking statements” within the meaning of Section 27A of the Securities Act of 1933, as amended. All statements regarding the known scope and expected impact of the cybersecurity incident described in this Report are forward-looking statements. Expectations included in the forward-looking statements are based on preliminary information, as well as certain assumptions which management believes to be reasonable at this time. The Company cautions that these statements are subject to numerous important risks, uncertainties, assumptions and other factors, some of which are beyond its control, that could cause its actual results to differ materially from those expressed or implied by such forward-looking statements, including, among others: additional information regarding the extent of the cybersecurity incident that the Company may uncover during its ongoing investigation; the compromise or improper use of sensitive, proprietary, confidential financial, or personal data or information, if it is determined that any such data was compromised, which may result in negative consequences such as fines, penalties, or loss of reputation, including in ways that adversely impact the Company’s competitiveness in attracting and retaining customers; incremental expenses associated with the Company’s on-going investigation and remediation of the cybersecurity incident; the nature and scope of any claims, litigation or regulatory proceedings that may be brought against the Company as a result of the cybersecurity incident or the Company’s response thereto; other legal, reputational and financial risks resulting from this or other cybersecurity incidents and the potential impact of this cybersecurity incident on the Company’s revenues, operating expenses, and operating results; and the other factors set forth in in the Company’s Annual Report on Form 10-K for the 2023 fiscal year filed with the SEC on January 25, 2024, which is available at www.sec.gov and www.bassettfurniture.com under the “Investors Relations” tab. For those statements, Bassett claims the protection of the safe harbor for forward-looking statements contained in the Private Securities Litigation Reform Act of 1995. Any forward-looking statement that the Company makes speaks only as of the date of such statement, and the Company undertakes no obligation to update any forward-looking statements, whether as a result of new information, future events or otherwise, except as required by law. ",,,
0000950170-23-072513,First American Financial Corp,2023-12-22,https://www.sec.gov/Archives/edgar/data/1472787/000095017023072513/faf-20231220.htm,"Item 1.05 Material Cybersecurity Incidents. First American Financial Corporation (the “Company”) recently identified unauthorized activity on certain of its information technology systems. Upon detection of the unauthorized activity, the Company took steps in an effort to contain, assess and remediate the incident. On December 20, 2023, the Company elected to isolate systems from the Internet. The Company is working diligently to restore those systems and resume normal operations as soon as possible, but cannot estimate the duration or extent of the disruption at this time. The Company has retained leading experts, is working with law enforcement and notified certain regulatory authorities. During the disruption, the Company's primary website may be inaccessible or inoperative. The Company has created a special website for communications about the incident at the following URL: www.firstamupdate.com. Please access that site for further information. The Company is also assessing the impact of the incident and whether it may have a material impact on its financial condition and results of operations, which at this point cannot be determined. Forward-Looking Statements This Current Report on Form 8-K contains “forward-looking statements” within the meaning of the Private Securities Litigation Reform Act of 1995, Section 27A of the Securities Act of 1933, as amended, and Section 21E of the Securities Exchange Act of 1934, as amended. These forward-looking statements are based on management’s current expectations and assumptions, are not based on historical facts and are subject to risks and uncertainties, and other important factors that could cause actual results to differ materially from those expressed or implied in the forward-looking statements and can be identified by the fact that they do not relate strictly to historical or current facts and may contain the words “expect,” “estimate,” “will,” or other similar words and phrases or future or conditional verbs such as “will,” “may,” “would,” or “could.” ",,,
0000950170-25-068004,Global Crossing Airlines Group Inc.,2025-05-09,https://www.sec.gov/Archives/edgar/data/1846084/000095017025068004/jetmf-20250505.htm,"Item 8.01 Other Events Discovery of and Response to Cybersecurity Incident On May 5, 2025, Global Crossing Airlines Group Inc. (the “Company”) learned of unauthorized activity within its computer networks and systems supporting portions of its business applications, which the Company determined to be the result of a cybersecurity incident. Upon learning of this activity, the Company immediately (1) activated its incident response protocols and third-party cybersecurity experts to assist with containment and mitigation activities and to investigate the nature and scope of the incident and (2) took actions to contain and isolate the affected servers and prevent further intrusion. The Company also promptly notified law enforcement and is coordinating fully with them. Given the recency of the incident, our investigation and response are ongoing, and the full scope, nature, and potential ultimate impact on the Company are not yet known. The Company currently believes that none of its operations have been disrupted or negatively impacted by this incident. Although the Company is unable to predict the full impact of this incident, the Company does not expect the incident will have a material effect on the Company, or its financial condition or results of operations. ",,,
0000950170-24-030041,MARINEMAX INC,2024-03-12,https://www.sec.gov/Archives/edgar/data/1057060/000095017024030041/hzo-20240310.htm,"Item 1.05 Material Cybersecurity Incidents MarineMax, Inc. (the ""Company"") determined on March 10, 2024, that it experienced a “cybersecurity incident,” as defined in applicable Securities and Exchange Commission rules, whereby a third party gained unauthorized access to portions of its information environment. Upon detection, the Company initiated its previously determined incident response and business continuity protocols and took immediate measures to contain the incident. As part of this process, the containment measures resulted in some disruption to a portion of the Company’s business. The Company’s operations have continued throughout this matter in all material respects. The Company continues to investigate the extent of the incident, has engaged cybersecurity expertise, and has notified law enforcement authorities. While the investigation remains ongoing, as of the date of this filing, the incident has not had a material impact on the Company’s operations, and the Company is still in the process of determining whether the incident is reasonably likely to materially impact the Company’s financial conditions or results of operations. The Company does not maintain sensitive data in the information environment impacted by the incident. Forward-Looking Statements Certain statements contained in this Current Report on Form 8-K are forward-looking as defined in the Private Securities Litigation Reform Act of 1995. Such forward-looking statements include those regarding the Company’s investigation of the incident, its efforts to contain the activity, the disruption to the Company’s business, and the continuation of the Company’s operations, as well as the impact on the Company’s operations, financial conditions, and results. These statements involve certain risks and uncertainties that may cause actual results to differ materially from expectations as of the date of this release. These risks include the numerous factors identified in the Company’s Form 10-K for the fiscal year ended September 30, 2023 and other filings with the Securities and Exchange Commission. The Company disclaims any intention or obligation to update or revise any forward-looking statements, whether as a result of new information, future events or otherwise. Exhibit Index Exhibit No. Description 104 Cover Page Interactive Data File (embedded within the Inline XBRL document) ",,,
0000732717-24-000046,AT&T INC.,2024-07-12,https://www.sec.gov/Archives/edgar/data/732717/000073271724000046/t-20240506.htm,"Item 1.05 Material Cybersecurity Incidents. On April 19, 2024, AT&T Inc. (“AT&T”) learned that a threat actor claimed to have unlawfully accessed and copied AT&T call logs. AT&T immediately activated its incident response process to investigate and retained external cybersecurity experts to assist. Based on its investigation, AT&T believes that threat actors unlawfully accessed an AT&T workspace on a third-party cloud platform and, between April 14 and April 25, 2024, exfiltrated files containing AT&T records of customer call and text interactions that occurred between approximately May 1 and October 31, 2022, as well as on January 2, 2023, as described below. The data does not contain the content of calls or texts, personal information such as Social Security numbers, dates of birth, or other personally identifiable information. Current analysis indicates that the data includes, for these periods of time, records of calls and texts of nearly all of AT&T’s wireless customers and customers of mobile virtual network operators (“MVNO”) using AT&T’s wireless network. These records identify the telephone numbers with which an AT&T or MVNO wireless number interacted during these periods, including telephone numbers of AT&T wireline customers and customers of other carriers, counts of those interactions, and aggregate call duration for a day or month. For a subset of records, one or more cell site identification number(s) are also included. While the data does not include customer names, there are often ways, using publicly available online tools, to find the name associated with a specific telephone number. AT&T has taken additional cybersecurity measures in response to this incident including closing off the point of unlawful access. AT&T will provide notice to its current and former impacted customers. On May 9, 2024, and again on June 5, 2024, the U.S. Department of Justice determined that, under ",,,
0001043509-24-000059,SONIC AUTOMOTIVE INC,2024-06-21,https://www.sec.gov/Archives/edgar/data/1043509/000104350924000059/sah-20240619.htm,"Item 8.01. Other Events. On June 19, 2024, CDK Global (“CDK”), a third-party provider of certain information systems used by Sonic Automotive, Inc. (the “Company”), notified its dealership customers that CDK had suspended certain systems, including systems used by the Company, in response to a cybersecurity incident impacting CDK. As a result, the Company experienced disruptions to its dealer management system (“DMS”) hosted by CDK, which supports critical dealership operations including those supporting sales, inventory and accounting functions and its customer relationship management (“CRM”) system. All of the Company’s dealerships are open and operating utilizing workaround solutions to minimize the disruption caused by this CDK outage. Upon detection of the unauthorized activity, the Company immediately took precautionary containment steps to protect the Company’s systems and commenced an investigation of the incident. As the incident is ongoing, the full scope, nature and impact of the incident, including the extent to which the threat actor accessed any customer data, are not yet known. While this incident has had, and is likely to continue to have, a negative impact on the Company’s business operations until the relevant systems are fully restored, the Company has not yet determined whether the incident is reasonably likely to have a material impact on the Company’s financial condition or results of operations. ",,,
0000320335-24-000029,GLOBE LIFE INC.,2024-06-14,https://www.sec.gov/Archives/edgar/data/320335/000032033524000029/gl-20240614.htm,Item 1.05 of Form 8-K. ,,,
0000950142-25-003098,"Phoenix Education Partners, Inc.",2025-12-02,https://www.sec.gov/Archives/edgar/data/1600222/000095014225003098/eh250711375_8k.htm,"Item 8.01 Other Events. The University of Phoenix, Inc., a subsidiary of Phoenix Education Partners, Inc. (including the University, the “ Company ”), recently experienced a cybersecurity incident involving the Oracle E-Business Suite software platform (“ Oracle EBS ”). The Company is one of a number of organizations, including other academic institutions, from which an unauthorized third-party exfiltrated data by exploiting a previously unknown software vulnerability in Oracle EBS. The incident did not impact the business operations or student programming of the Company. Upon detecting the incident on November 21, 2025, the Company promptly took steps to investigate and respond with the assistance of leading third-party cybersecurity firms. While the investigation remains ongoing, at this time, the Company believes that the software vulnerability was used in August 2025 to copy certain data maintained in the Company’s Oracle EBS environment. The Company promptly installed Oracle EBS software patches to remediate the vulnerability following their release in October 2025. The Company believes that certain personal information, including names and contact information, dates of birth, social security numbers, and bank account and routing numbers, with respect to numerous individuals was accessed without authorization. To the Company’s knowledge, the unauthorized third-party has not publicly disseminated the data. The Company is continuing to review the impacted data and will provide the required notifications to affected parties and applicable regulatory entities. As of the date of this filing, the Company believes that the incident will not have a material adverse effect on its business operations or student programming. The Company continues to investigate the incident and will incur expenses in the fiscal year directly and indirectly related to the event. The Company maintains a comprehensive cybersecurity insurance policy, which covers costs associated with the incident response, investigatory and remediation expense, potential regulatory action, business interruption, and costs associated with investigating, defending, and resolving legal proceedings related to the incident, subject to deductibles, exclusions and limits . Forward-Looking Statements The information included in this ",,,
0001628280-25-034372,Ingram Micro Holding Corp,2025-07-07,https://www.sec.gov/Archives/edgar/data/1897762/000162828025034372/ingm-20250705.htm,"Item 8.01. Other Events. On July 5, 2025, Ingram Micro Holding Corporation (the “Company”) issued a press release stating the Company identified ransomware on certain of its internal systems. Promptly after learning of the issue, the Company took steps to secure the relevant environment, including proactively taking certain systems offline and implementing other mitigation measures. The Company also launched an investigation with the assistance of leading cybersecurity experts and notified law enforcement. A copy of the press release is attached hereto as Exhibit 99.1, noting that the Company is working diligently to restore the affected systems so that it can process and ship orders. Safe Harbor Statement This Current Report on Form 8-K contains “forward-looking statements” within the meaning of Section 27A of the Securities Act of 1933, as amended, Section 21E of the Securities Exchange Act of 1934, as amended, and the Private Securities Litigation Reform Act of 1995. You can identify forward-looking statements because they contain words such as “believes,” “expects,” “may,” “will,” “should,” “seeks,” “intends,” “plans,” “estimates,” or “anticipates,” or similar expressions which concern our strategy, plans, projections or intentions. By their nature, forward-looking statements: speak only as of the date they are made; are not statements of historical fact or guarantees of future performance; and are subject to risks, uncertainties, assumptions or changes in circumstances that are difficult to predict or quantify. Our expectations, beliefs, and projections are expressed in good faith, and we believe there is a reasonable basis for them. However, there can be no assurance that management’s expectations, beliefs, and projections will result or be achieved, and actual results may vary materially from what is expressed in or indicated by the forward-looking statements. Certain important factors that could cause actual results to differ, possibly materially, from our expectations, beliefs and projections reflected in such forward-looking statements can be found in the “Risk Factors” and “Cautionary Note Regarding Forward-Looking Statements” sections included in the Company’s Annual Report on Form 10-K and Quarterly Reports on Form 10-Q. We undertake no obligation to publicly update or review any forward-looking statement, whether as a result of new information, future developments or otherwise, except as may be required by any applicable securities laws. You should not place undue reliance on forward-looking statements, which speak only as of the date they are made. ",,,
0001857154-24-000123,"Krispy Kreme, Inc.",2024-12-11,https://www.sec.gov/Archives/edgar/data/1857154/000185715424000123/dnut-20241211.htm,"Item 1.05. Material Cybersecurity Incidents. On November 29, 2024, Krispy Kreme, Inc. (the “Company”) was notified regarding unauthorized activity on a portion of its information technology systems. The Company immediately began taking steps to investigate, contain, and remediate the incident with the assistance of leading cybersecurity experts. Krispy Kreme shops globally are open, and consumers are able to place orders in person, but the Company is experiencing certain operational disruptions, including with online ordering in parts of the United States. Daily fresh deliveries to our retail and restaurant partners are uninterrupted. The Company, along with its external cybersecurity experts, continues to work diligently to respond to and mitigate the impact from the incident, including the restoration of online ordering, and has notified federal law enforcement. As the investigation of the incident is ongoing, the full scope, nature, and impact of the incident are not yet known. As of the date of this filing, the incident has had and is reasonably likely to have a material impact on the Company’s business operations until recovery efforts are completed. The expected costs related to the incident, including the loss of revenues from digital sales during the recovery period, fees for our cybersecurity experts and other advisors, and costs to restore any impacted systems, are reasonably likely to have a material impact on the Company’s results of operations and financial condition. The Company holds cybersecurity insurance that is expected to offset a portion of the costs of the incident. The Company does not expect this will have a long-term material impact on its results of operations and financial condition. Cautionary Note Regarding Forward-Looking Statements This Form 8-K contains forward-looking statements that involve risks and uncertainties. The words “continues,” “experiencing,” “expect,” “ongoing,” or similar words, or the negative of these words, identify forward-looking statements. Such forward-looking statements are based on certain assumptions and estimates that we consider reasonable but are subject to various risks and uncertainties relating to our operations, financial results, financial conditions, business, prospects, growth strategy and liquidity. Accordingly, there are, and may be, important factors that could cause our actual results to differ materially from those indicated in these statements. The inclusion of this forward-looking information should not be regarded as a representation by us that the future plans, estimates or expectations contemplated by us will be achieved. The final outcome of this matter could differ materially from the forward-looking statements included herein. Factors that could cause actual results to differ from those expressed in forward-looking statements include, without limitation, the risks and uncertainties described under the headings “Cautionary Note Regarding Forward-Looking Statements” and “Risk Factors” in our Annual Report on Form 10-K for the year ended December 31, 2023, filed by us with the Securities and Exchange Commission (“SEC”) and described in the other filings we make from time to time with the SEC. We believe that these factors include, but are not limited to, the completion of the Company’s investigation into the incident, the ultimate results and timing of the Company’s containment and remediation efforts, the final amount of costs related to the incident, the insurance coverage available to offset our costs, and the potential impact on the Company’s business operations, results of operations, and financial conditions. These forward-looking statements are made only as of the date of this document, and we do not undertake any obligation, other than as may be required by applicable law, to update or revise any forward-looking or cautionary statement to reflect changes in assumptions, the occurrence of events, unanticipated or otherwise, or changes in future operating results over time or otherwise. ",,,
0001193125-24-100764,"Frontier Communications Parent, Inc.",2024-04-18,https://www.sec.gov/Archives/edgar/data/20520/000119312524100764/d784189d8k.htm,"Item 1.05 Material Cybersecurity Incidents. On April 14, 2024, Frontier Communications Parent, Inc. (the “Company”) detected that a third party had gained unauthorized access to portions of its information technology environment. Upon detection, the Company initiated its previously established cyber incident response protocols and took measures to contain the incident. As part of this process, the containment measures, which included shutting down certain of the Company’s systems, resulted in an operational disruption that could be considered material. Based on the Company’s investigation, it has determined that the third party was likely a cybercrime group, which gained access to, among other information, personally identifiable information. As of the date of this filing, the Company believes it has contained the incident and has restored its core information technology environment and is in the process of restoring normal business operations. The Company continues to investigate the incident, has engaged cybersecurity experts, and has notified law enforcement authorities. The Company does not believe the incident is reasonably likely to materially impact the Company’s financial condition or results of operations. Cautionary Statement Concerning Forward-Looking Statements This Current Report may contain “forward-looking statements” related to future events. Forward-looking statements address the Company’s expectations or beliefs concerning future events, including the Company’s investigation of and containment efforts related to the unauthorized access to its information technology environment, the identity of the party that gained unauthorized access, the restoration of the Company’s information technology environment and business operations and the impact on the Company’s financial condition and results of operations. These statements are made based on management’s views and assumptions as of the date of this report. Forward-looking statements by their nature address matters that are, to different degrees, uncertain. The Company does not intend, nor does it undertake any duty, to update any forward-looking statements, except as required by law. A wide range of factors could materially affect future developments and performance, including but not limited to uncertainties related to the Company’s ongoing investigation of the unauthorized access and the possibility that the Company’s containment efforts may be unsuccessful, as well as the risks and other factors contained in the Company’s filings with the Securities and Exchange Commission, including the Company’s most recent Annual Report on Form 10-K. ",,,
0000101829-25-000036,RTX Corp,2025-09-24,https://www.sec.gov/Archives/edgar/data/101829/000010182925000036/rtx-20250919.htm,"Item 8.01. Other Events. On September 19, 2025, RTX Corporation (the “ Company ”) became aware of a product cybersecurity incident involving ransomware on systems that support its Multi-User System Environment (“ MUSE ”) passenger processing software. This software enables multiple airlines to share check-in and gate resources at airports, including baggage handling. The MUSE airport systems operate outside of the RTX enterprise network, residing on customer-specific networks. Upon detecting the incident, the Company activated its incident response plan and promptly took steps to assess, contain, respond to and remediate the incident. The Company is diligently investigating the incident with the assistance of internal and external cybersecurity experts and has notified domestic and international law enforcement authorities and certain other government agencies. The Company is also communicating with its customers and other stakeholders and providing technical support and guidance to affected airlines and airports. Our customers have shifted to back-up or manual processes and have experienced certain flight delays and cancellations. While our investigation and assessment of this product cybersecurity incident is ongoing, it has not had a material impact and is not reasonably expected to have a material impact, on the Company’s financial condition, business operations or results of operations. Cautionary Statement Regarding Forward-Looking Statements This Current Report on Form 8-K contains statements which, to the extent they are not statements of historical or present fact, constitute “forward-looking statements” under the securities laws. These forward-looking statements are intended to provide management’s current expectations or plans for our future operating and financial performance, based on assumptions currently believed to be valid, and are not statements of historical fact. Forward-looking statements can be identified by the use of words such as “believe,” “expect,” “expectations,” “plans,” “strategy,” “prospects,” “estimate,” “project,” “target,” “anticipate,” “will,” “should,” “see,” “guidance,” “outlook,” “goals,” “objectives,” “confident,” “on track,” “designed to, ” “commit,” “commitment” and other words of similar meaning. Forward-looking statements may include, among other things, statements relating to future supply management practices, policies and plans for procurement of materials, risk management practices, supply chain infrastructure and efforts to improve supply chain transparency. All forward-looking statements involve risks, uncertainties and other factors that may cause actual results to differ materially from those expressed or implied in the forward-looking statements. For those statements, we claim the protection of the safe harbor for forward-looking statements contained in the U.S. Private Securities Litigation Reform Act of 1995. Factors that might cause the Company’s actual results to differ materially from those anticipated in forward-looking statements include, but are not limited to the Company’s ongoing assessment of the impacts of the cybersecurity incident, including the Company’s potential discovery of additional information related to the incident in connection with its investigation or otherwise; the Company’s expectations regarding its ability to contain and remediate the cybersecurity incident; the impact of the cybersecurity incident on the Company’s relationships with customers, employees, and governmental regulators; the legal, reputational, and financial risks resulting from the cybersecurity incident, including as may arise from any potential regulatory inquiries and/or litigation to which the Company may become subject in connection with the incident; remediation and other additional costs that may be incurred by the Company in connection with the investigation and remediation of the incident. The forward-looking statements speak only as of the date of this Current Report or, in the case of any document incorporated by reference, the date of that document. We undertake no obligation to publicly update or revise any forward-looking statements, whether as a result of new information, future events, or otherwise, except as required by applicable law. For additional information on identifying factors that may cause actual results to vary materially from those stated in forward-looking statements, see the reports of the Company, United Technologies Corporation and Raytheon Company on Forms S-4, 10-K, 10-Q and 8-K filed with or furnished to the Securities and Exchange Commission from time to time. ",,,
0000950123-23-011228,V F CORP,2023-12-18,https://www.sec.gov/Archives/edgar/data/103379/000095012323011228/d659095d8k.htm,"Item 1.05 Material Cybersecurity Incidents. On December 13, 2023, VF Corporation (“VF” or the “Company”) detected unauthorized occurrences on a portion of its information technology (IT) systems. Upon detecting the unauthorized occurrences, the Company immediately began taking steps to contain, assess and remediate the incident, including beginning an investigation with leading external cybersecurity experts, activating its incident response plan, and shutting down some systems. The threat actor disrupted the Company’s business operations by encrypting some IT systems, and stole data from the Company, including personal data. The Company is working to bring the impacted portions of its IT systems back online and implement workarounds for certain offline operations with the aim of reducing disruption to its ability to serve its retail and brand e-commerce consumers and wholesale customers. VF-operated retail stores globally are open, and consumers can purchase available merchandise, but VF is experiencing certain operational disruptions. Consumers are able to place orders on most of the brand e-commerce sites globally, however, the Company’s ability to fulfill orders is currently impacted. The Company, along with its external cybersecurity experts, continues to work diligently to respond to and mitigate the impact from the incident, and has notified and is cooperating with federal law enforcement. As the investigation of the incident is ongoing, the full scope, nature and impact of the incident are not yet known. As of the date of this filing, the incident has had and is reasonably likely to continue to have a material impact on the Company’s business operations until recovery efforts are completed. The Company has not yet determined whether the incident is reasonably likely to materially impact the Company’s financial condition or results of operations. Forward-Looking Statements This Current Report on Form 8-K contains “forward-looking statements” within the meaning of the federal securities laws. Forward-looking statements are made based on VF’s expectations and beliefs concerning future events impacting VF and therefore involve several risks and uncertainties. Words such as “will,” “anticipate,” “estimate,” “expect,” “should,” and “may” and other words and terms of similar meaning or use of future dates may be used to identify forward-looking statements, however, the absence of these words or similar expressions does not mean that a statement is not forward-looking. All statements regarding the impact from the cybersecurity incident, the scope of the investigation and the Company’s plans, objectives, projections and expectations relating to VF’s operations or financial condition, and assumptions related thereto are forward-looking statements. Forward-looking statements are not guarantees and actual results could differ materially from those expressed or implied in the forward-looking statements. VF undertakes no obligation to publicly update or revise any forward-looking statements, whether as a result of new information, future events or otherwise, except as required by law. Potential risks and uncertainties that could cause the actual results of operations or financial condition of VF to differ materially from those expressed or implied by forward-looking statements include, but are not limited to: VF’s ongoing assessment of the impacts of the cybersecurity incident; VF’s expectations regarding its ability to contain and remediate the cybersecurity incident; further delays in the time required to verify some or all of VF’s information technology systems; the impact of the incident on VF’s relationships with customers, consumers and employees, VF’s business operations, financial condition, results of operations and reputation, and confidence in our e-commerce platforms; legal, reputational and financial risks resulting from the cybersecurity incident; the effectiveness of business continuity plans and cybersecurity risk management policies during the cybersecurity incident; and that any future, or still undetected, cybersecurity related incident, whether an attack, disruption, intrusion, denial of service, theft or other breach could result in unauthorized access to, or disclosure of, data, resulting in claims, costs and reputational harm that could negatively affect our actual results of operations or financial condition. More information on potential factors that could affect VF’s financial results is included from time to time in VF’s public reports filed with the SEC, including VF’s Annual Report on Form 10-K, and Quarterly Reports on Form 10-Q, and Forms 8-K filed or furnished with the SEC. ",,,
0000071829-24-000111,NEWPARK RESOURCES INC,2024-11-07,https://www.sec.gov/Archives/edgar/data/71829/000007182924000111/nr-20241029.htm,"Item 8.01 Other Events. On October 29, 2024, the Company detected a ransomware cybersecurity incident (“Incident”) in which an unauthorized third party gained access to certain of the Company’s internal information systems. Upon detection, the Company activated its cybersecurity response plan and launched an investigation internally with the support of external advisors to assess and to contain the threat. The incident has caused disruptions and limitation of access to certain of the Company’s information systems and business applications supporting aspects of the Company’s operations and corporate functions, including financial and operating reporting systems. However, the Company’s manufacturing and field operations have continued in all material respects utilizing established downtime procedures. The full scope of the costs and related impacts of the Incident, including any future impact on our financial condition and results of operations, has not yet been determined. Based on the Company's current knowledge of the facts and circumstances related to this incident, the Company believes that this incident is not reasonably likely to materially impact the Company's financial conditions or results of operations. Should any of the relevant facts and circumstances substantively change, the Company will make any required disclosures. ",,,
0000950157-24-001064,ADT Inc.,2024-08-08,https://www.sec.gov/Archives/edgar/data/1703056/000095015724001064/form8k.htm,"Item 8.01 Other Information. ADT Inc. (“ADT” or the “Company”) recently experienced a cybersecurity incident during which unauthorized actors illegally accessed certain databases containing ADT customer order information. After becoming aware of the incident, the Company promptly took steps to shut down the unauthorized access and launched an investigation, partnering with leading third-party cybersecurity industry experts. The attackers nonetheless obtained some limited customer information, including email addresses, phone numbers and postal addresses. Based on its investigation to date, the Company has no reason to believe that customers’ home security systems were compromised during this incident. Additionally, the Company has no reason to believe the attackers obtained other personally sensitive information such as credit card data or banking information. The Company is continuing its investigation into this cybersecurity incident and has notified the customers it believes to have been affected, who comprise a small percentage of the Company’s overall subscriber base. While the investigation remains ongoing, as of the date of this filing, the Company believes this cybersecurity incident has not materially impacted its operations and does not expect that this incident is reasonably likely to have a material impact on the Company’s overall financial condition, results of operations, or ability to meet its 2024 financial guidance. Forward Looking Statements ADT has made statements in this filing that are forward-looking and therefore subject to risks and uncertainties, including those described below. All statements, other than statements of historical fact, included in this document are, or could be, “forward-looking statements” within the meaning of the Private Securities Litigation Reform Act of 1995 and the applicable rules and regulations of the Securities and Exchange Commission (the “SEC”) and are made in reliance on the safe harbor protections provided thereunder. These forward-looking statements relate to, among other things, the impact from the cybersecurity incident, the scope of the investigation and the Company’s plans, objectives, projections and expectations relating to the Company’s operations or financial condition, and assumptions related thereto. Without limiting the generality of the preceding sentences, any time we use the words “expects,” “intends,” “will,” “anticipates,” “believes,” “confident,” “continue,” “propose,” “seeks,” “could,” “may,” “should,” “estimates,” “forecasts,” “might,” “goals,” “objectives,” “targets,” “planned,” “projects,” and, in each case, their negative or other various or comparable terminology, and similar expressions, we intend to clearly express that the information deals with possible future events and is forward-looking in nature. However, the absence of these words or similar expressions does not mean that a statement is not forward-looking. These forward-looking statements are based on management’s current beliefs and assumptions and on information currently available to management. We caution that these statements are subject to risks and uncertainties, many of which are outside of our control and could cause future events or results to be materially different from those stated or implied in this filing, including, among others, the Company’s ongoing assessment of the impacts of the cybersecurity incident; the Company’s expectations regarding its ability to contain and remediate the cybersecurity incident; the impact of the cybersecurity incident on the Company’s relationships with customers, employees and regulators; legal, reputational and financial risks resulting from the cybersecurity incident; and that any future, or still undetected, cybersecurity related incident, whether an attack, disruption, intrusion, denial of service, theft or other breach could result in unauthorized access to, or disclosure of, data, resulting in claims, costs and reputational harm that could negatively affect our actual results of operations or financial condition; and risks that are described in the Company’s Annual Report and its Quarterly Reports on Form 10-Q, including the sections titled “Risk Factors” and “Management’s Discussion and Analysis of Financial Condition and Results of Operations” contained in those reports, and in our other filings with the SEC. Any forward-looking statement made in this filing speaks only as of the date on which it is made. ADT undertakes no obligation to publicly update or revise any forward-looking statement, whether as a result of new information, future developments, or otherwise. ",,,
0001683168-25-006583,WYTEC INTERNATIONAL INC,2025-08-29,https://www.sec.gov/Archives/edgar/data/1560143/000168316825006583/wytec_8k.htm,"Item 1.05 Material Cybersecurity Incident. On August 25, 2025 , Wytec International, Inc. (the “Company”) became aware of a cybersecurity incident in which a bad actor published a defaced website at the Company’s web address, wytecintl.com. After the Company restored the website from back-ups, the bad actor was able to deface the website again. To date the Company has received no contact from the bad actor, nor is it aware of any reason for this attack. On August 25, 2025, the Company took the website down, placing a temporary page on the site, while the Company continues to review the entire web platform, so that the site may return as soon as security has been confirmed. The Company anticipates these measures will lead to the full restoration and functionality of the Company’s website. Moving forward, the Company plans on taking appropriate steps, including implementing additional cybersecurity measures, to prevent further attacks. As a result of this incident, in addition to losses arising from the website being inoperable, the Company was forced to cancel a seminar scheduled for September 2, 2025. The financial losses from this incident are difficult to quantify at this point, but will likely be significant. The Company is working with forensic specialists and has reported the matter to the Federal Bureau of Investigations. The Company will provide updated guidance regarding how it will further address this incident once its full assessment is complete. Forward-Looking Statements This report may contain forward-looking statements concerning future events or anticipated performance by the Company. These statements reflect management’s current expectations but are subject to risks and uncertainties that could cause actual results to differ materially from those projected. 2 ",,,
0001654954-24-002505,Federal Home Loan Bank of New York,2024-03-01,https://www.sec.gov/Archives/edgar/data/1329842/000165495424002505/fhlbny_8k.htm,"Item 1.05 Material Cybersecurity Incidents On February 21, 2024, the Federal Home Loan Bank of New York (“Bank”), through its operational controls, detected unknown persons attempting to fraudulently obtain funds from the Bank (the “incident”). The Bank immediately activated its response process, and determined that a fourth-party vendor (i.e., a vendor of a Bank vendor) had been compromised, which caused the incident. The Bank then took prompt steps to contain and remediate the incident. The Bank’s own information technology systems and networks were not compromised or affected, no unauthorized transactions were executed and no monies were transferred to the unknown persons, and Bank members were able to continue to execute transactions with the Bank. As of the date of this filing, the incident has not had a material impact on the Bank’s operations, and the Bank believes the incident will not materially impact the Bank’s financial condition or results of operations. 2 ",,,
0001559865-25-000043,"EVERTEC, Inc.",2025-09-02,https://www.sec.gov/Archives/edgar/data/1559865/000155986525000043/evtc-20250829.htm,"Item 8.01 Other Events On August 29, 2025, Sinqia S.A. (“Sinqia”), a Brazilian subsidiary of EVERTEC, Inc. (“Evertec” or the “Company”), identified unauthorized activity in its environment of the Brazilian Central Bank (“BCB”) real-time payment system known as Pix. Upon detecting the incident, and in accordance with its incident response protocol, Sinqia halted transaction processing in its Pix environment and began working with outside cybersecurity forensics experts. Subsequently, the BCB informed Sinqia that it would not be permitted to resume processing transactions in the Brazilian Payments System (“SPB”) and Pix until the BCB reviews and approves the actions taken. Sinqia communicated promptly with federal and state law enforcement authorities in Brazil and the financial institution customers using its Pix environment. This matter affects a single application in Brazil, and no other Evertec products or services are impacted. The unauthorized activity is related to Business-to-Business financial transactions involving two financial institutions that are customers of Sinqia’s Pix transaction processing services. The Company believes that approximately R$710 million in unauthorized transactions affecting those two Sinqia customers were processed through Sinqia’s Pix environment on August 29, 2025. The Company has been informed that a portion of that amount has been recovered and additional recovery efforts are ongoing. Preliminary results of the Company’s forensics analysis indicate that the unauthorized transactions were introduced into Sinqia’s Pix environment by exploiting legitimate Sinqia IT vendors’ credentials. Sinqia has terminated access to these credentials. The Company believes the incident is limited to Sinqia’s Pix environment and has not identified any unauthorized activity in any other Sinqia systems outside of Pix in Brazil. The Company also has no indication that any personal data has been compromised. Sinqia provided BCB and the two impacted customers with third-party forensics analyses and information requested by BCB. The Company is working diligently to obtain approval to resume processing transactions in SPB and Pix. While Sinqia’s Pix environment is used by 24 financial institution customers, the financial and reputational impact of the incident, including any impact on the Company’s internal controls, are not yet known and could be material. The Company has not yet determined the scope of any liability associated with this matter, the applicability of any insurance coverage or what claims the Company may have against third parties. Cautionary Note Regarding Forward-Looking Statements Certain statements in this Current Report on Form 8-K constitute “forward-looking statements” within the meaning of, and subject to the protection of, the Private Securities Litigation Reform Act of 1995. We intend such forward-looking statements to be covered by the safe harbor provisions for forward-looking statements contained in Section 27A of the Securities Act and Section 21E of the Exchange Act. All statements contained in this Current Report on Form 8-K other than statements of historical facts, including, without limitation, statements relating to the Company’s current beliefs, understanding and expectations regarding the cybersecurity incident discussed in this Form 8-K and its scope, nature and impact on the Company’s business, operations and financial results are forward-looking statements. Words such as “believes,” “expects,” “anticipates,” “intends,” “projects,” “estimates,” and “plans” and similar expressions of future or conditional verbs such as “will,” “should,” “would,” “may,” and “could” are forward-looking in nature and not historical facts. Factors that could cause actual results to differ from those expressed in these forward-looking statements include, but are not limited to, the outcome of the Company’s ongoing assessment of the incident and its ability to address the impact of this incident; legal, regulatory, reputational and financial risks resulting from this incident or additional incidents; and other important factors set forth under “Part 1, Item 1A. Risk Factors,” in the Company’s Annual Report on Form 10-K for the fiscal year ended December 31, 2024, filed with the Securities and Exchange Commission (the “SEC”) on March 3, 2025, as any such factors may be updated from time to time in the Company’s subsequent filings with the SEC. Unless required by law, the Company expressly disclaims any obligation to update publicly any forward-looking statements, whether as result of new information, future events or otherwise. ",,,
0000719733-24-000015,KEY TRONIC CORP,2024-05-10,https://www.sec.gov/Archives/edgar/data/719733/000071973324000015/ktcc-20240506.htm,"ITEM 1.05 MATERIAL CYBERSECURITY INCIDENTS On May 6, 2024, Key Tronic Corporation (the “Company”) detected unauthorized third party access to portions of its information technology (“IT”) systems. Upon detection of this outside threat, the Company activated its cyber incident procedure to investigate, contain, and remediate the incident, including beginning an investigation with external cybersecurity experts and notifying law enforcement. The incident has caused disruptions, and limitation of access, to portions of the Company’s business applications supporting aspects of the Company’s operations and corporate functions, including financial and operating reporting systems. As the investigation of the incident is ongoing, the full scope, nature and impact of the incident are not yet known, but based on the information reviewed to date, the Company believes the unauthorized activity has been contained and is working diligently to bring the impacted portions of its IT system back online. As of the date of this filing, the Company does not believe the incident is reasonably likely to have a material impact on the Company, including its financial condition or results of operations. Forward-Looking Statements. This Current Report contains forward-looking statements within the meaning of the Private Securities Litigation Reform Act of 1995. These statements address the Company’s expectations or beliefs regarding future events, actions or performance, including the investigation, containment and remediation of the cybersecurity incident, the restoration of the Company’s IT system and the impact on the Company, including its financial condition and results of operations. Factors that could affect future developments and performance include the completion of the Company’s investigation, the possibility that containment and remediation may not be successful and other risk and factors contained in the documents that the Company has filed with the Securities and Exchange Commission. ",,,
0001679788-25-000094,"Coinbase Global, Inc.",2025-05-15,https://www.sec.gov/Archives/edgar/data/1679788/000167978825000094/coin-20250514.htm,"Item 1.05 Material Cybersecurity Incident. On May 11, 2025, Coinbase, Inc., a subsidiary of Coinbase Global, Inc. (“Coinbase” or the “Company”), received an email communication from an unknown threat actor claiming to have obtained information about certain Coinbase customer accounts, as well as internal Coinbase documentation, including materials relating to customer-service and account-management systems. The communication demanded money in exchange for not publicly disclosing the information. The threat actor appears to have obtained this information by paying multiple contractors or employees working in support roles outside the United States to collect information from internal Coinbase systems to which they had access in order to perform their job responsibilities. These instances of such personnel accessing data without business need were independently detected by the Company’s security monitoring in the previous months. Upon discovery, the Company had immediately terminated the personnel involved and also implemented heightened fraud-monitoring protections and warned customers whose information was potentially accessed in order to prevent misuse of any compromised information. Since receipt of the email, the Company has assessed the email to be credible, and has concluded that these prior instances of improper data access were part of a single campaign (the “Incident”) that succeeded in taking data from internal systems. The Company has not paid the threat actor’s demand and is cooperating with law enforcement in the investigation of this Incident. The Incident did not involve the compromise of passwords or private keys, and at no time were any of the targeted contractors or employees able to access customer funds. While the Company is still investigating the affected data, it included : • Name, address, phone, and email; • Masked Social Security (last 4 digits only); • Masked bank-account numbers and some bank account identifiers; • Government‑ID images (e.g., driver’s license, passport); • Account data (balance snapshots and transaction history); and • Limited corporate data (including documents, training material, and communications available to support agents). The Company is continuing to review and bolster its anti-fraud protections to mitigate the risk that the compromised information could be used in social-engineering attempts. To the extent any eligible retail customers previously sent funds to the threat actor as a direct result of this Incident, the Company intends to voluntarily reimburse them after it completes its review to confirm the facts. The Company is also in the process of opening a new support hub in the United States and taking other measures to harden its defenses to prevent this type of incident. While Coinbase has not experienced material operational impacts from these events as of the date hereof, the full financial impact of the Incident on the Company is still in the process of being assessed. Based on the information available to the Company on the date hereof and based on facts that continue to evolve, the Company has preliminarily estimated expenses to be within the range of approximately $180 million to $400 million relating to remediation costs and voluntary customer reimbursements relating to this Incident, prior to further review of potential losses, indemnification claims, and potential recoveries, which could meaningfully increase or decrease this estimate. The Company plans to aggressively pursue all remedies. As the Company’s investigation is ongoing, the full impact of these events are not yet known . Forward-Looking Statements This Current Report on Form 8-K contains forward-looking statements, including, but not limited to, statements regarding the Company’s current beliefs, understanding and expectations regarding the Incident, including but not limited to, a preliminary estimate of certain expenses relating to the Incident. Factors that could cause actual results to differ from those expressed in these forward-looking statements include the ongoing assessment of the Incident; legal, reputational and financial risks resulting from the Incident or additional cybersecurity incidents; and the risks described in the Company’s Annual Report on Form 10-K for the year ended December 31, 2024 and subsequent Quarterly Reports on Form 10-Q. All forward looking statements are based on information and estimates available to us as of the date hereof. Unless required by law, the Company expressly disclaims any obligation to update publicly any forward-looking statements, whether as result of new information, future events or otherwise. ",,,
0001437749-25-006475,NATIONAL PRESTO INDUSTRIES INC,2025-03-06,https://www.sec.gov/Archives/edgar/data/80172/000143774925006475/npk20250306_8k.htm,"Item 1.05 Material Cybersecurity Incident. On March 1, 2025, the Registrant experienced a system outage caused by a cybersecurity incident. Upon discovery, the Registrant activated its incident response team, comprised of internal personnel and external cybersecurity experts retained to assist in addressing the incident. The Registrant is actively conducting a forensic analysis to determine the nature, scope and impact of the incident. At this time, no conclusive evidence has been identified, but the investigation remains ongoing. In coordination with legal counsel, the Registrant has notified relevant law enforcement about the matter, and has or will notify relevant federal and state regulatory bodies and agencies, and applicable consumer protection agencies, in accordance with applicable laws. The incident has temporarily impacted the Registrant’s operations, including shipping and receiving, some manufacturing processes, and various other back office functions, much of which are in the process of being restored. The Registrant has implemented temporary measures to maintain critical functions while systems are being restored. While the full scope of the impact is not yet known, the incident could have the potential to have a material impact on the Registrant’s financial condition and results of operations. The Registrant is continuing its forensic investigation and analysis to assess the potential impact. ",,,
0001677703-25-000067,CONDUENT Inc,2025-04-14,https://www.sec.gov/Archives/edgar/data/1677703/000167770325000067/cndt-20250409.htm,"Item 1.05. Material Cybersecurity Incidents On January 13, 2025, Conduent Incorporated (the ""Company"") experienced an operational disruption and learned that a ‘threat actor’ gained unauthorized access to a limited portion of the Company’s environment. Upon detection, the Company activated its cybersecurity response plan with the help of external cybersecurity experts to contain, assess, and remediate the incident. The Company restored the affected systems and returned to normal operations within days, and in some cases, hours. The disruption did not have a material impact to the Company’s operations. As part of its ongoing investigation, the Company determined that the threat actor exfiltrated a set of files associated with a limited number of the Company’s clients. Due to the complexity of the files, the Company engaged cybersecurity data mining experts to evaluate the exfiltrated data and was recently informed of its nature, scope and validity, confirming that the data sets contained a significant number of individuals’ personal information associated with our clients' end-users. The Company is continuing to further analyze and document the precise and detailed impact of the data exfiltrated, and clients are being informed as appropriate in order to determine next steps as required by federal and state law. To the Company’s knowledge, the exfiltrated data has not been released on the dark web or otherwise publicly. While the Company did not experience material impacts to its operating environment or costs from the event itself, the Company has incurred and accrued material non-recurring expenses in the first quarter related to the event based on potential notification requirements. The Company maintains a cyber insurance policy and has also notified federal law enforcement authorities of the incident. Forward-Looking Statements This Current Report on Form 8-K (""Report"") and any exhibits to this Report may contain “forward-looking statements” as defined in the Private Securities Litigation Reform Act of 1995, as amended. The words “anticipate,” “believe,” “estimate,” “expect,” ""plan,"" “intend,” “will,” “aim,” “should,” “could,” “forecast,” “target,” “may,” ""continue to,"" ""endeavor,"" ""if,” “growing,” “projected,” “potential,” “likely,” ""see,"" ""ahead,"" ""further,"" ""going forward,"" ""current,"" and similar expressions (including the negative and plural forms of such words and phrases), as they relate to the Company, are intended to identify forward-looking statements, but the absence of these words does not mean that a statement is not forward-looking. These statements reflect the Company’s current views with respect to future events and are subject to certain risks, uncertainties and assumptions, many of which are outside of the Company’s control. Should one or more of these risks or uncertainties materialize, or should underlying assumptions prove incorrect, actual results may vary materially from those expressed or implied in this Report, any exhibits to this Report and other public statements the Company makes. Important factors and uncertainties that could cause the Company’s actual results to differ materially from those in any forward-looking statements include, but are not limited to: those regarding actions being taken and that will be taken in response to the incident referenced in this Report, including the Company’s investigation of such incident and mitigation and remediation efforts, the nature and extent of such incident, the potential disruption to our business or operations from such incident, the potential impact on the Company’s reputation, and the Company’s assessments of the likely financial and operational impacts of the incident. Responding to and assessing these types of incidents is inherently challenging and these forward-looking statements are subject to a number of risks, uncertainties, estimates, and assumptions that may cause actual results to differ materially from current expectations, many of which are out of the Company’s control. As a result, the financial and operational impact from the incident may be more severe than currently anticipated. Risks and uncertainties also include the risk factors detailed in the Company’s filings with the Securities and Exchange Commission, including its Form 10-K and Form 10-Q filings. Any forward-looking statements made by the Company in this Report speak only as of the date on which they are made. The Company is under no obligation to, and expressly disclaim any obligation to, update or alter its forward-looking statements, whether because of new information, subsequent events or otherwise, except as required by law. ",,,
0000056978-24-000075,KULICKE & SOFFA INDUSTRIES INC,2024-06-12,https://www.sec.gov/Archives/edgar/data/56978/000005697824000075/klic-20240528.htm,"Item 8.01 Other Events. As disclosed in the Original Report, on May 12, 2024, the Company detected unauthorized access attempts into its network and servers. On the same day, following detection of the external threat, the Company’s cybersecurity team, together with leading third party cybersecurity experts, immediately took actions to contain and isolate the affected servers, and prevent further intrusion. The investigation to assess the complete nature, scope and impact of the incident, including coordination with law enforcement, remains ongoing. Following further investigation, the Company has determined that the threat actor accessed and acquired some of our data, including source code, engineering information, business partner data and personally identifiable information. The Company continues to assess the complete scope and nature of the incident and the data involved. While our investigation remains ongoing, as of the filing date of this Amendment, the Company believes that this cybersecurity incident has not had a material impact on the Company’s operations, and the Company currently does not expect that this incident is reasonably likely to materially impact the Company’s overall financial condition, results of operations or ability to meet its fiscal third quarter 2024 business outlook. Cautionary Note Regarding Forward-Looking Statements This Current Report on Form 8-K/A contains statements relating to future events and expectations regarding our future results, including statements regarding the Company’s ongoing investigation into the incident, and the impact on the Company including the Company’s ability to meet its outlook. These statements are “forward-looking” statements within the meaning of the Private Securities Litigation Reform Act of 1995. While these forward-looking statements represent our judgments and future expectations concerning our business, a number of risks, uncertainties and other important factors could cause actual developments and results to differ materially from our expectations, including disruptions, breaches or failures in our information technology systems and network infrastructures, and the other factors listed or discussed in our Annual Report on Form 10-K for the fiscal year ended September 30, 2023, filed on November 16, 2023, and our other filings with the Securities and Exchange Commission. The Company is under no obligation to (and expressly disclaims any obligation to) update or alter its forward-looking statements whether as a result of new information, future events or otherwise. ",,,
0001562151-24-000030,"Crimson Wine Group, Ltd",2024-07-05,https://www.sec.gov/Archives/edgar/data/1562151/000156215124000030/cwgl-20240630.htm,"Item 8.01. Other Events. On June 30, 2024, Crimson Wine Group, Ltd. (the “Company”) determined that the Company had experienced a cybersecurity incident in which an unauthorized third party gained access to certain technology systems of the Company. The Company currently believes that this unauthorized third party gained such access on June 30, 2024. Following detection of the incident, the Company initiated response protocols and launched an investigation, which remains ongoing. The Company is in the early stages of its investigation and assessment of this incident. The full scope of the costs and related impacts of this incident has not been determined. The Company is unable to determine at this time whether the incident has had or will have a material impact on the Company’s operations. Forward-Looking Statements This Current Report on Form 8-K contains forward-looking statements, including, but not limited to, statements regarding the Company’s current beliefs, understanding and expectations regarding the cybersecurity incident and its anticipated impact on the Company’s business, operations and financial results. Factors that could cause actual results to differ from those expressed in these forward-looking statements include the ongoing assessment of the cybersecurity incident; legal, reputational and financial risks resulting from the cybersecurity incident or additional cybersecurity incidents; and the risks described in the Company’s Annual Report on Form 10-K for the year ended December 31, 2023 and subsequent Quarterly Reports on Form 10-Q. Unless required by law, the Company expressly disclaims any obligation to update publicly any forward-looking statements, whether as result of new information, future events or otherwise. ",,,
0001048695-25-000149,"F5, INC.",2025-10-15,https://www.sec.gov/Archives/edgar/data/1048695/000104869525000149/ffiv-20251015.htm,"Item 1.05 Material Cybersecurity Incidents On August 9, 2025, F5, Inc. (the “Company”, “F5”, “we”, or “our”) learned that a highly sophisticated nation-state threat actor had gained unauthorized access to certain Company systems. The Company promptly activated its incident response processes, and has taken extensive actions to contain the threat actor. To support these activities, the Company engaged leading external cybersecurity experts. The Company believes its containment actions have been successful and, since the initiation of its containment efforts, has not observed any evidence of new unauthorized activity. The investigation, monitoring, and related activities are ongoing. The Company is actively engaged with federal law enforcement and government partners in connection with this incident. Additionally, the Company is implementing further measures to strengthen its security environment and protect its customers. During the course of its investigation, the Company determined that the threat actor maintained long-term, persistent access to certain F5 systems, including the BIG-IP product development environment and engineering knowledge management platform. Through this access, certain files were exfiltrated, some of which contained certain portions of the Company’s BIG-IP source code and information about undisclosed vulnerabilities that it was working on in BIG-IP. We are not aware of any undisclosed critical or remote code vulnerabilities, and we are not aware of active exploitation of any undisclosed F5 vulnerabilities. We have no evidence of modification to our software supply chain, including our source code and our build and release pipelines. This assessment has been validated through independent reviews by leading cybersecurity research firms. We have no evidence of access to, or exfiltration of, data from our CRM, financial, support case management, or iHealth systems. However, some of the exfiltrated files from our knowledge management platform contained configuration or implementation information for a small percentage of customers. The Company is currently reviewing the contents of these files and will communicate with affected customers directly as appropriate. We have no evidence that the threat actor accessed or modified the NGINX source code or product development environment, nor do we have evidence they accessed or modified our F5 Distributed Cloud Services or Silverline systems. On September 12, 2025, the U.S. Department of Justice determined that a delay in public disclosure was warranted pursuant to ",,,
0001104659-24-081176,"Cadre Holdings, Inc.",2024-07-19,https://www.sec.gov/Archives/edgar/data/1860543/000110465924081176/tm2419841d1_8k.htm,"Item 8.01 Other Items. On July 15, 2024, Cadre Holdings, Inc. (the “Company”) determined that the Company had experienced a cybersecurity incident in which an unauthorized third party gained access to certain technology systems of the Company. Following detection of the incident with its security tools, the Company immediately initiated its standard response protocols to contain, assess and remediate the incident, including beginning an investigation with outside experts, activating its incident response plan, notifying federal law enforcement, and taking certain systems offline in an abundance of caution. The Company’s investigation and response remains ongoing. The Company is in the early stages of its investigation and assessment of this incident, and therefore the full scope, nature and impact of the incident has not yet been determined. Although certain of the Company’s operations have been affected, the Company is unable to determine at this time whether the incident has had or is reasonably likely to have a material impact on the Company’s financial condition or results of operations. Forward-Looking Statements This Current Report on Form 8-K contains forward-looking statements, including, but not limited to, statements regarding the Company’s current beliefs, understanding and expectations regarding the cybersecurity incident and its anticipated impact on the Company’s business, operations and financial results. Factors that could cause actual results to differ from those expressed in these forward-looking statements include the ongoing assessment of the cybersecurity incident; legal, reputational and financial risks resulting from the cybersecurity incident or additional cybersecurity incidents; and the risks described in the Company’s Annual Report on Form 10-K for the year ended December 31, 2023 and subsequent Quarterly Reports on Form 10-Q. Unless required by law, the Company expressly disclaims any obligation to update publicly any forward-looking statements, whether as result of new information, future events or otherwise. ",,,
0001477294-25-000047,Sensata Technologies Holding plc,2025-04-09,https://www.sec.gov/Archives/edgar/data/1477294/000147729425000047/st-20250406.htm,"Item 1.05 Material Cybersecurity Incidents On April 6, 2025, Sensata Technologies Holding plc (the “Company”) experienced a ransomware incident that has encrypted certain devices in the Company’s network. Upon discovery, Sensata immediately activated its response protocols, implemented containment measures, including proactively taking its network offline, and launched an investigation with the assistance of third-party cybersecurity professionals. In coordination with legal counsel, the Company has notified law enforcement about the matter and is supporting its investigation. The incident has temporarily impacted Sensata’s operations, including shipping, receiving, manufacturing production, and various other support functions. While the Company has implemented interim measures to allow for the restoration of certain functions, the timeline for a full restoration is not yet known. The preliminary investigation has identified evidence that files were taken from the Company’s environment. The Company is working to identify and review the files involved and will take additional actions as appropriate based on its review, including notifying individuals and regulatory authorities in accordance with applicable law. As of the date of this Form 8-K, Sensata does not expect this incident to have a material impact on the Company’s financial results and operations for the three months ended June 30, 2025; however, the full scope and impact of this incident is not yet known and could result in a future determination that the incident will be material to the Company's financial statements and results of operations. For the three months ended March 31, 2025, the Company expects revenue, adjusted operating income, adjusted net income, and adjusted earnings per share to be within or to slightly exceed the guidance ranges previously provided in its press release dated February 11, 2025. Safe Harbor Statement Statements in this Current Report on Form 8-K that are not historical facts, such as those identified by the use of words “anticipate,” “believe,” “could,” “estimate,” “expect,” “feel,” “forecast,” “intend,” “may,” “plan,” “potential,” “project,” “should,” “would,” and similar expressions, are forward-looking statements under the provisions of the Private Securities Litigation Reform Act of 1995. Forward-looking statements address the Company’s expectations or beliefs concerning future events, including the Company’s investigation of and containment efforts related to the cybersecurity incident and its impact on the Company’s financial condition and results of operations. These statements are made based on management’s views and assumptions as of the date of this report. Forward-looking statements by their nature address matters that are uncertain, and you are urged to view them with caution. A wide range of factors could materially affect future developments and performance, including but not limited to uncertainties related to the Company’s ongoing investigation of the cybersecurity incident and the possibility that the Company’s containment and remediation efforts may be unsuccessful. Detailed information about these and other risks is included in the Company’s Annual Report on Form 10-K for the year ended December 31, 2024, and its other reports filed with the Securities and Exchange Commission. Except as required by applicable law, we do not undertake any obligation to publicly update or revise any of these forward-looking statements, whether as a result of new information, future events, or otherwise. 2 ",,,
0001467623-24-000024,"DROPBOX, INC.",2024-05-01,https://www.sec.gov/Archives/edgar/data/1467623/000146762324000024/dbx-20240429.htm,"Item 1.05 Material Cybersecurity Incidents On April 24, 2024, Dropbox, Inc. (“ Dropbox ” or “ we ”) became aware of unauthorized access to the Dropbox Sign (formerly HelloSign) production environment. We immediately activated our cybersecurity incident response process to investigate, contain, and remediate the incident. Upon further investigation, we discovered that the threat actor had accessed data related to all users of Dropbox Sign, such as emails and usernames, in addition to general account settings. For subsets of users, the threat actor also accessed phone numbers, hashed passwords, and certain authentication information such as API keys, OAuth tokens, and multi-factor authentication. Based on what we know as of the date of this filing, there is no evidence that the threat actor accessed the contents of users’ accounts, such as their agreements or templates, or their payment information. Additionally, we believe this incident was limited to Dropbox Sign infrastructure and there is no evidence that the threat actor accessed the production environments of other Dropbox products. We are continuing our investigation. When we became aware of the incident, we launched an investigation with industry-leading forensic investigators to understand what happened and mitigate risks to our users. We have notified and are working with law enforcement. As appropriate, we are also notifying regulatory authorities and users with respect to unauthorized access to personal information. As of the date of this filing, the incident has not had, and we do not believe it is reasonably likely to have, a material impact on our overall business operations, given our current understanding that this incident is limited to the Dropbox Sign infrastructure. We have not determined that the incident is reasonably likely to materially impact our financial condition or results of operations. We remain subject to various risks due to the incident, including potential litigation, changes in customer behavior, and additional regulatory scrutiny. Our remediation efforts are ongoing. Forward-Looking Statements This Form 8-K contains forward-looking statements as defined in the Private Securities Litigation Reform Act of 1995. Such forward-looking statements include statements regarding our ongoing investigation of the cybersecurity incident, the nature and known extent of the incident, the isolation of the incident to our Dropbox Sign infrastructure, Dropbox’s mitigation and remediation efforts, the potential disruption to our business or operations, and the potential impact on our operations, financial conditions, and results. These statements involve certain risks and uncertainties that may cause actual results to differ materially from expectations as of the date of this release. Among the factors that could cause actual results to differ materially from those indicated in the forward-looking statements are risks and uncertainties associated with the ongoing investigation of the incident, risks related security breaches or incidents, as well as other risks listed or described from time to time in Dropbox’s filings with the Securities and Exchange Commission (the “ SEC ”), including Dropbox’s Annual Report on Form 10-K filed with the SEC on February 16, 2024. All forward-looking statements are based on information and estimates available to Dropbox at the time of this Current Report on Form 8-K and are not guarantees of future performance. Except as required by law, Dropbox assumes no obligation to update any of the statements in this Current Report on Form 8-K. ",,,
0001649739-25-000246,BayFirst Financial Corp.,2025-10-30,https://www.sec.gov/Archives/edgar/data/1649739/000164973925000246/bafn-20251028.htm,"Item 1.05. Cybersecurity Incidents On August 14, 2025, BayFirst National Bank (“BayFirst”) was notified of a cybersecurity incident experienced by a third-party provider of marketing services. On October 28, 2025, the third-party provider confirmed that some customer information was exposed by this incident. Upon learning of the incident, the third-party provider immediately launched an investigation, worked with BayFirst to understand the scope of the issue, and engaged the appropriate cybersecurity experts to assist. The third-party provider also promptly notified law enforcement. The incident was limited to the third-party provider’s environment. Based on the information available to date, personal information, including name, date of birth, and social security/tax identification numbers of some BayFirst customers were accessed without authorization. To date, there is no evidence of the misuse, or attempted misuse, of personal information as a result of this incident. Impacted customers will be notified directly of this incident. BayFirst cannot quantify any material impact to its financial condition or operations, at this time. ",,,
0000766421-25-000023,"ALASKA AIR GROUP, INC.",2025-06-27,https://www.sec.gov/Archives/edgar/data/766421/000076642125000023/alk-20250627.htm,"ITEM 8.01. Other Events On June 23, 2025, Hawaiian Airlines, an Alaska Air Group, Inc. (“we” or “the Company”) subsidiary, identified a cybersecurity incident affecting certain information technology systems. Upon learning of this event, we immediately took steps to safeguard Hawaiian’s operations and systems. Flights are currently operating safely and as scheduled. We have engaged the relevant authorities and experts to assist in our investigation and ongoing remediation efforts. The Company has not yet determined whether the incident is reasonably likely to materially impact the Company’s financial condition or results of operations. Forward-Looking Statements This current report on Form 8-K contains forward-looking statements subject to the safe harbor protection provided by Section 27A of the Securities Act of 1933, Section 21E of the Securities Exchange Act of 1934, and the Private Securities Litigation Reform Act of 1995. All statements other than statements of historical fact are forward-looking statements, including statements regarding the Company’s current beliefs regarding the extent of the cybersecurity incident and the results or findings of the Company’s investigation thereof; Company’s ability to contain and/or mitigate the incident; the potential disruption to our business or operations; and the potential impact on the Company’s reputation, financial condition and results of operations. These forward-looking statements involve known and unknown risks, uncertainties and other important factors that may cause actual results to differ materially from expectations as of the date of this filing. Among the factors that could cause actual results to differ materially from those indicated in the forward-looking statements are risks and uncertainties associated with the ongoing investigation of the cybersecurity incident as well as other risks listed or described from time to time in our most recent Annual Report on Form 10-K and in our other filings with the U.S. Securities and Exchange Commission. Except as required by law, the Company expressly disclaims any obligation to publicly update or revise any forward-looking statements in this Current Report on Form 8-K. ",,,
0001193125-24-133132,BRANDYWINE REALTY TRUST,2024-05-07,https://www.sec.gov/Archives/edgar/data/790816/000119312524133132/d824906d8k.htm,"Item 1.05 Material Cybersecurity Incidents. On May 1, 2024, Brandywine Realty Trust (the “Company”) detected what was determined to be a cybersecurity incident, whereby a third party gained unauthorized access to portions of its information technology (“IT”) environment. Upon detecting the unauthorized occurrences, the Company promptly initiated its previously established response protocols and began taking steps to contain, assess and remediate the incident, including beginning an investigation with leading external cybersecurity experts, activating its incident response plan, shutting down some systems and notifying law enforcement. The cybersecurity incident consisted of unauthorized access and deployment of encryption by a third party to a portion of the Company’s internal corporate IT systems. The incident caused disruptions to, and limitation of access to, portions of the Company’s business applications supporting aspects of the Company’s operations and corporate functions, including financial and operating reporting systems. Based on the information reviewed to date, the Company believes the unauthorized activity has been contained and is working diligently to bring the impacted portions of its IT systems back online. Although the Company ascertained that certain files were exfiltrated, it is still investigating the extent of any sensitive information contained within the accessed IT systems, including any personal information. The Company is evaluating what, if any, regulatory and legal notifications are required as a result of this incident and will issue such notifications based on its findings. As the investigation of the incident is ongoing, the full scope, nature and impact of the incident are not yet known. The Company’s real estate operations have continued throughout this matter in all material respects and, as of the date of this filing, the incident has not otherwise had a material impact on the Company’s operations. As of the date of this filing, the Company does not believe the incident is reasonably likely to materially impact the Company’s financial condition or results of operations. ",,,
0001193125-24-033753,PRUDENTIAL FINANCIAL INC,2024-02-13,https://www.sec.gov/Archives/edgar/data/1137774/000119312524033753/d770643d8k.htm,"Item 1.05 Material Cybersecurity Incidents. On February 5, 2024, Prudential Financial, Inc. (the “Company” or “we”) detected that, beginning February 4, 2024, a threat actor had gained unauthorized access to certain of our systems. With assistance from external cybersecurity experts, we immediately activated our cybersecurity incident response process to investigate, contain, and remediate the incident. As of the date of this Report, we believe that the threat actor, who we suspect to be a cybercrime group, accessed Company administrative and user data from certain information technology systems and a small percentage of Company user accounts associated with employees and contractors. We continue to investigate the extent of the incident, including whether the threat actor accessed any additional information or systems, to determine the impact of the incident. On the basis of the investigation to date, we do not have any evidence that the threat actor has taken customer or client data. We have reported this matter to relevant law enforcement and are informing regulatory authorities. As of the date of this Report, the incident has not had a material impact on the Company’s operations, and the Company has not determined the incident is reasonably likely to materially impact the Company’s financial condition or results of operations. Cautionary Statement Regarding Forward Looking Statements Certain of the statements included in this Report constitute forward-looking statements within the meaning of the U.S. Private Securities Litigation Reform Act of 1995. Forward-looking statements are made based on management’s current expectations and beliefs concerning future developments and their potential effects upon the Company and its subsidiaries. The Company’s actual results may differ, possibly materially, from expectations or estimates reflected in such forward-looking statements. Certain important factors that could cause actual results to differ, possibly materially, from expectations or estimates reflected in such forward-looking statements can be found in the “Risk Factors” and “Forward-Looking Statements” sections included in the Company’s Annual Reports on Form 10-K and Quarterly Reports on Form 10-Q. The Company does not undertake to update any particular forward-looking statement included in this document. ",,,
0001020859-25-000036,UNITED NATURAL FOODS INC,2025-06-26,https://www.sec.gov/Archives/edgar/data/1020859/000102085925000036/unfi-20250621.htm,"Item 1.05 Material Cybersecurity Incident. As previously disclosed in a Current Report on Form 8-K filed with the Securities and Exchange Commission (“SEC”) on June 9, 2025 (the “Prior 8-K”), on June 5, 2025 , United Natural Foods, Inc. (the “Company”) became aware of unauthorized activity on certain information technology (IT) systems. As disclosed in the Prior 8-K, the Company promptly activated its incident response plan and implemented containment measures, including proactively taking certain systems offline, which temporarily impacted the Company’s ability to fulfill and distribute customer orders. At this time, the Company does not anticipate sending any notifications to individual consumers as a result of this incident because it did not involve a breach of security of personal information or protected health information, as those terms are defined at law. The unauthorized activity has since been contained and the Company is now regularly receiving and shipping products to retailers across its distribution network. Importantly, the Company has safely restored the core systems that its customers and suppliers use for electronic ordering and invoicing, which has enabled business operations to normalize. Throughout this process, the Company focused on proactively and transparently engaging with its customers and suppliers to support their unique business needs. The Company has continued to closely monitor the effect of the incident on its business, financial condition, and results of operations. In the weeks following the incident, the Company experienced reduced sales volume and increased operational costs as the Company worked to drive solutions-oriented results for its customers. The Company has also incurred, and expects to continue to incur, direct expenses related to the investigation and remediation of the incident. Based on the information currently available to the Company, management believes that the incident is reasonably likely to have a material impact on the Company’s net income/(loss) and adjusted EBITDA for the fourth fiscal quarter of 2025 compared to its internal projections prior to the incident . The Company holds cybersecurity insurance that it currently expects will be adequate for the incident, and expects that the full claim and settlement process will extend into its 2026 fiscal year. ",,,
0000784199-24-000253,"ARTIVION, INC.",2024-12-09,https://www.sec.gov/Archives/edgar/data/784199/000078419924000253/aort-20241209.htm,"Item 8.01 Other Events Artivion, Inc. (“Artivion” or the “Company”) identified and began taking measures to address a cybersecurity incident on November 21, 2024. Artivion’s response measures included taking certain systems offline, initiating an investigation, and engaging external advisors, including legal, cybersecurity, and forensics professionals to assess, contain, and remediate the incident. The incident involved the acquisition and encryption of files. The Company is working to securely restore its systems as quickly as possible and to evaluate any notification obligations. As of the date of this filing, we believe that the incident has not had a material impact on the Company’s overall financial condition or results of operations and that the incident is not reasonably likely to have a material impact on its financial conditions or results of operations. The Company continues to provide its products and services to customers, but the incident has caused disruptions to some order and shipping processes, as well as to certain corporate operations, which have largely been mitigated. The Company has and will continue to incur expenses related to its response to this incident, and the Company believes it has adequate insurance coverage. However, the Company believes that it will incur additional costs that will not be covered by insurance. The Company remains subject to various risks due to the incident, including the impact of delays in restoration, and, as a result, cannot provide assurances that the incident will not be determined to have a material impact in the future. Forward-Looking Statements Statements made in this Form 8-K that look forward in time or that express management’s beliefs, expectations, or hopes are forward-looking statements within the meaning of the Private Securities Litigation Reform Act of 1995. Such forward-looking statements reflect the views of management at the time such statements are made. These statements include, but are not limited to, those regarding actions being taken and that will be taken in response to the incident, expectations regarding insurance coverage, and our assessments of the likely financial and operational impacts of the incident. Responding to and assessing these types of incidents is inherently challenging and these forward-looking statements are subject to a number of risks, uncertainties, estimates, and assumptions that may cause actual results to differ materially from current expectations, many of which are out of our control. As a result, the financial and operational impact from the incident may be more severe than currently anticipated. Risks and uncertainties also include the risk factors detailed in our Securities and Exchange Commission filings, including our Form 10-K for the year ended December 31, 2023 and our Form 10-Q for the quarter ended September 30, 2024. Artivion does not undertake to update its forward-looking statements, whether as a result of new information, future events, or otherwise. ",,,
0000731012-24-000134,HEALTHCARE SERVICES GROUP INC,2024-10-16,https://www.sec.gov/Archives/edgar/data/731012/000073101224000134/hcsg-20241009.htm,"Item 8.01 Other Events. On October 9, 2024, Healthcare Services Group, Inc. (the “Company”) identified a cybersecurity incident, which involved unauthorized activity within some of its systems. The Company immediately activated its Cybersecurity Incident Response Process to investigate such activity with the assistance of leading third-party cybersecurity experts. The Company has also notified law enforcement authorities. The Company will continue to monitor the situation and take appropriate actions consistent with its response protocols. As of the date of this filing, the incident has not caused, and is not expected to cause, disruption of the Company’s business operations. And although the full nature and scope of the incident is not yet known, the Company does not believe it will have a material effect on its financial condition or results of operations. ",,,
0001031203-24-000048,GROUP 1 AUTOMOTIVE INC,2024-06-24,https://www.sec.gov/Archives/edgar/data/1031203/000103120324000048/gpi-20240619.htm,"Item 8.01 Other Events. On June 19, 2024, Group 1 Automotive, Inc. (“Group 1” or the “Company”) was informed of a cybersecurity incident experienced by CDK Global LLC (“CDK”), which resulted in service outages on CDK’s dealers’ systems (the “CDK incident”). CDK provides clients in the automotive industry, including Group 1 dealerships in the U.S., with a software as a service (“SaaS”) platform used by dealerships in managing customer relationships, sales, financing, service, inventory and back-office operations. The CDK incident has disrupted the Company’s business applications and processes in its U.S. operations that rely on CDK’s dealers’ systems. In response to the CDK incident, Group 1 immediately activated its cyber incident response procedures and proactively took measures to protect and isolate its systems from CDK’s platform. Despite the CDK service outage, all Group 1 U.S. dealerships continue to conduct business using alternative processes until CDK’s dealers’ systems are available. The Company’s dealerships in the U.K. do not use CDK’s dealers’ systems and are therefore not impacted by the CDK service outage. CDK has advised that it anticipates the restoration of the dealer management system will require several days and not weeks. The timing of the restoration of other impacted CDK applications remains unclear at this time. Group 1’s ability to determine the material impact, if any, of the CDK incident and the resulting service outage, will ultimately depend on a number of factors, including when, and to what extent, the Company resumes its access to the CDK’s dealers’ systems. A copy of the Company’s press release regarding the CDK incident is attached hereto as Exhibit 99.1. ",,,
0001628280-25-005855,"LEE ENTERPRISES, Inc",2025-02-18,https://www.sec.gov/Archives/edgar/data/58361/000162828025005855/lee-20250212.htm,"Item 1.05 Material Cybersecurity Incident. On February 3, 2025, Lee Enterprises, Inc. (""Lee"" or the ""Company"") experienced a systems outage caused by a cybersecurity attack. Upon discovery, Lee activated its incident response team, comprised of internal personnel and external cybersecurity experts retained to assist in addressing the incident. Preliminary investigations indicate that threat actors unlawfully accessed the Company’s network, encrypted critical applications, and exfiltrated certain files. The Company is actively conducting forensic analysis to determine whether sensitive data or personally identifiable information (PII) was compromised. At this time, no conclusive evidence has been identified, but the investigation remains ongoing. In coordination with legal counsel, the Company has notified the relevant law enforcement about the matter, and will notify relevant federal and state regulatory bodies, and applicable consumer protection agencies, as necessary. The incident impacted the Company’s operations, including distribution of products, billing, collections, and vendor payments. Distribution of print publications across our portfolio of products experienced delays, and online operations were partially limited. As of February 12, 2025, all core products are being distributed in the normal cadence, however weekly and ancillary products have not been restored. These products represent five-percent of the Company’s total operating revenue. The Company anticipates a phased recovery over the next several weeks. Lee has implemented temporary measures, including manual processing of transactions and alternative distribution channels, to maintain critical business functions while systems are being restored. While the full scope of the financial impact is not yet known, the incident is reasonably likely to have a material impact on the Company’s financial condition or results of operations. The Company is continuing its forensic investigation and analysis to assess the potential impact. Lee maintains a comprehensive cybersecurity insurance policy, which covers costs associated with incident response, forensic investigations, business interruption, and regulatory fines, subject to policy limits and deductibles. The Company will provide updated guidance once a full assessment is completed. Forward-Looking Statements Certain statements in this report may constitute forward-looking statements regarding future events or the Company’s future performance. These statements are based on management’s current expectations and involve risks and uncertainties that could cause actual results to differ materially from those expressed or implied in such statements. ",,,
0001539497-25-000735,NIOCORP DEVELOPMENTS LTD,2025-02-19,https://www.sec.gov/Archives/edgar/data/1512228/000153949725000735/n2574_x251-8k.htm,"Item 8.01 Other Events. On February 14, 2025, NioCorp Developments Ltd. (the “Company”) became aware of unauthorized third-party access to its information systems, including portions of its email systems, that resulted in misdirected vendor payments totaling approximately $0.5 million (the “cybersecurity incident”). The Company self-discovered the cybersecurity incident and promptly notified certain financial institutions and federal law enforcement in an effort to, among other matters, recover the misdirected vendor payments. In addition, upon discovery of the cybersecurity incident, the Company began taking steps to investigate, contain, assess and remediate the cybersecurity incident. Although the Company believes that the cybersecurity incident is limited to the misdirected vendor payments, the Company’s investigation of the cybersecurity incident remains ongoing and the full scope, nature and impact of the cybersecurity incident are not yet known. As of the date of this filing, the Company has not yet determined whether the cybersecurity incident is reasonably likely to materially impact the Company’s overall financial condition or its results of operations, including whether the Company will ultimately be able to recover all or a portion of the misdirected vendor payments. Note Regarding Forward-Looking Statements This Current Report on Form 8-K contains forward-looking statements within the meaning of the United States Private Securities Litigation Reform Act of 1995 and forward-looking information within the meaning of applicable Canadian securities laws. These forward-looking statements, include, but are not limited to, statements regarding the Company’s current beliefs, understanding and expectations regarding the cybersecurity incident and its scope, nature and impact on the Company’s business, operations and financial results. Factors that could cause actual results to differ from those expressed in these forward-looking statements include the outcome of the Company’s ongoing assessment of the cybersecurity incident and its ability to remediate the impact of the cybersecurity incident; legal, regulatory, reputational and financial risks resulting from the cybersecurity incident or additional cybersecurity incidents; and the risks described in the Company’s Annual Report on Form 10-K for the year ended June 30, 2024 and subsequent Quarterly Reports on Form 10-Q. Unless required by law, the Company expressly disclaims any obligation to update publicly any forward-looking statements, whether as result of new information, future events or otherwise. ",,,
0001654954-25-009925,DATA I/O CORP,2025-08-21,https://www.sec.gov/Archives/edgar/data/351998/000165495425009925/daio_8k.htm,Item 1.05 Material Cybersecurity Incidents. ,,,
0001834584-25-000196,"Coupang, Inc.",2025-12-16,https://www.sec.gov/Archives/edgar/data/1834584/000183458425000196/cpng-20251215.htm,"Item 1.05. Material Cybersecurity Incidents. On November 18, 2025, Coupang Corp. (“Coupang Corp.”), a wholly-owned Korean subsidiary of Coupang, Inc. (Coupang Corp., together with Coupang, Inc. (“Coupang, Inc.,” “our,” or “we”) and its subsidiaries and affiliates, “Coupang,”), became aware of a cybersecurity incident involving unauthorized access to customer accounts (the “Incident”). Upon discovery, Coupang activated its incident response processes, disabled the threat actor’s unauthorized access, reported the Incident to the relevant Korean regulatory and law enforcement authorities, and warned customers whose data was potentially accessed. Based on investigative findings, Coupang has determined that a former employee may have obtained the name, phone number, delivery address, and email address associated with up to 33 million customer accounts, and certain order histories for a subset of the impacted acc ounts. To Coupang’s knowledge, the former employee has not publicly disclosed the obtained data. N o Coupang customers’ banking information, payment card information, or login credentials were obtained or otherwise compromised in the Incident. Coupang is continuing its investigation and has engaged external forensic experts to assist with the investigation. Korean regulators have initiated investigations with which Coupang is fully cooperating. While one or more Korean regulators will potentially impose financial penalties, at this time we cannot reasonably estimate any amount of losses or range of losses that may result from such penalties. Coupang’s operations have not been materially disrupted. Coupang remains subject to various risks due to the Incident, including diversion of management’s attention and potentially material financial losses resulting from the potential loss of revenue and potential higher expenses, including from remediation, regulatory penalties, and litigation. The former chief executive officer of Coupang Corp., our Korean subsidiary, resigned on December 10, 2025, and Harold L. Rogers, General Counsel and Chief Administrative Officer of Coupang, Inc., is serving as interim chief executive officer of the Korean subsidiary. Forward-Looking Statements This report contains “forward-looking statements” within the meaning of the “safe harbor” provisions of the Private Securities Litigation Reform Act of 1995, including but not limited to, statements regarding our expectations regarding the Incident and its impact on Coupang. In some cases, you can identify forward-looking statements because they contain words such as ""anticipate,"" ""believe,"" ""contemplate,"" ""continue,"" ""could,"" ""estimate,"" ""expect,"" ""intend,"" ""may,"" ""plan,"" ""potential,"" ""predict,"" ""project,"" ""should,"" ""target,"" ""toward,"" ""will,"" ""shall,"" ""goal,"" ""objective,"" ""seek,"" ""strategy,"" ""future,"" “opportunity,” “runway,” “trajectory,” or ""would,"" and the negative of these words or other similar terms or expressions. Such forward-looking statements include, but are not limited to, statements regarding the nature and scope of the Incident, the ongoing investigations regarding the Incident, and the impact of the Incident on Coupang. Actual results and outcomes could differ materially for a variety of reasons, including, among others, Coupang’s ongoing assessment of the impacts of the Incident, including the potential discovery of additional information related to the Incident; Coupang’s expectations regarding its ability to contain and remediate the Incident; the magnitude of the potential disruption to Coupang’s business and operations; the impact of the Incident on Coupang’s relationships with customers, employees, merchants, suppliers, advertisers, investors, regulators and governmental authorities; legal, reputational, and financial harm that may result from the Incident, including financial penalties and litigation awards or settlements that may arise from regulatory investigations or litigation in connection with the Incident; distraction of management or other diversion of resources from business operations caused by the Incident; and the potentially material financial impact of the potential loss of revenue and potential higher expenses, including from remediation, regulatory penalties, litigation, customer compensation, or other additional expenses that may be incurred and borne by Coupang in connection with the Incident. Coupang is also subject to other risks and uncertainties. For additional information on other potential risks and uncertainties that could affect Coupang, please see our most recent Annual Report on Form 10-K and subsequent SEC filings. All forward-looking statements in this report are based on information available to Coupang and assumptions and beliefs as of the date hereof, and Coupang disclaims any obligation to update any forward-looking statements, except as required by law. You should not place undue reliance on our forward-looking statements. ",,,
0001213900-24-099394,"iLearningEngines, Inc.",2024-11-18,https://www.sec.gov/Archives/edgar/data/1835972/000121390024099394/ea0221424-8k_ilearning.htm,"Item 1.05 Material Cybersecurity Incident. iLearningEngines, Inc. (the “ Company ”) recently became aware of a cybersecurity incident. The ongoing investigation has revealed that a threat actor illegally accessed the Company’s environment and certain files on its network, misdirected a $250,000 wire payment, and deleted a number of email messages. The wire payment has not been recovered. When it learned of the incident, which has been contained, the Company activated its cybersecurity response plan and launched an internal investigation. The Company engaged a nationally recognized forensic firm and other external advisors to assess and remediate the unauthorized activity. The Company’s ongoing investigation and response include continued assessment of impacted systems and data. The Company has incurred, and may continue to incur, certain expenses related to its response to this incident. Based on the information available to date, the Company believes that the cybersecurity incident will have a material impact on its operations during the quarter ended December 31, 2024 but does not expect the incident to have a material impact on full year 2024 results. The Company remains subject to various risks due to the incident, including diversion of management’s attention, potential litigation, changes in customer or investor behavior, and regulatory scrutiny. ",,,
0001213900-24-031252,"B. Riley Financial, Inc.",2024-04-08,https://www.sec.gov/Archives/edgar/data/1464790/000121390024031252/ea0203500-8k_briley.htm,"Item 1.05 Material Cybersecurity Incidents On April 5, 2024, Targus International, LLC and certain affiliates (collectively, “Targus”), each of which is an indirect subsidiary of B. Riley Financial, Inc. (the “Company”), discovered that a threat actor gained unauthorized access to certain of Targus’ file systems. Upon discovery and with assistance from external cybersecurity counsel and consultants, Targus immediately activated its incident response and business continuity protocols to investigate, contain and remediate the incident. Through this process, proactive containment measures to disrupt unauthorized access resulted in a temporary interruption in the business operations of the Targus network. The incident has been contained and Targus systems recovery efforts are in process. While the investigation is ongoing and the incident has temporarily disrupted Targus’ business operations, as of the date of this filing, the Company does not currently believe that this incident will materially impact the Company’s financial condition or results of operations taken as a whole. Business operations for each of the Company’s other subsidiaries have continued without disruption in all material respects, and no other Company business has been affected. Last year, Targus was not a significant contributor to the Company’s Operating Adjusted EBITDA. Targus has notified relevant regulatory authorities and will work with law enforcement with respect to the unauthorized access to information. Forward-looking statements This Current Report on Form 8-K contains forward-looking statements within the meaning of the Private Securities Litigation Reform Act of 1995. All statements other than statements of historical fact are forward-looking statements. These forward-looking statements involve known and unknown risks, uncertainties and other factors which may cause the Company’s performance or achievements to be materially different from any expected future results, performance, or achievements. Forward-looking statements speak only as of the date they are made and the Company assumes no duty to update forward-looking statements, except as required by law. Actual future results, performance or achievements may differ materially from historical results or those anticipated depending on a variety of factors, some of which are beyond the control of the Company, including, but not limited to, the risks described from time to time in the Company’s periodic filings with the SEC, including, without limitation, the risks described in the Company’s 2022 Annual Report on Form 10-K under the captions “Risk Factors” and “Management’s Discussion and Analysis of Financial Condition and Results of Operations” (as applicable). Additional information will be set forth in the Company’s Annual Report on Form 10-K for the year ended 2023. These factors should be considered carefully, and readers are cautioned not to place undue reliance on such forward-looking statements. All information is current as of the date this press release is issued, and the Company undertakes no duty to update this information. 1 ",,,
0001018164-24-000005,WILLIS LEASE FINANCE CORP,2024-02-09,https://www.sec.gov/Archives/edgar/data/1018164/000101816424000005/wlfc-20240209.htm,"Item 8.01 Other Events. On February 9, 2024, Willis Lease Finance Corporation (“WLFC” or the “Company”) announced that on January 31, 2024, it detected unauthorized activity on portions of its information technology (IT) systems. An investigation into the nature and scope of the incident was launched with the assistance of leading third-party cybersecurity experts and the Company took steps to contain, assess and remediate the activity, including taking certain systems offline. The Company has not identified any unauthorized activity after February 2, 2024 and, as of the date of this filing, believes it has fully contained the unauthorized activity. The Company continues to operate and service customers, and has implemented workarounds for some of its processes where necessary. The Company, together with its team of cybersecurity experts, is working diligently to respond to and address the issues posed by the incident. The investigation to assess the complete nature, scope and impact of the incident, including what data has been exfiltrated or otherwise impacted, remains ongoing. Law enforcement has been notified of the incident. Forward-Looking Statements This Current Report on Form 8-K contains “forward-looking statements” within the meaning of the Private Securities Litigation Reform Act of 1995, Section 27A of the Securities Act of 1933, as amended, and Section 21E of the Securities Exchange Act of 1934, as amended. Forward-looking statements are made based on WLFC’s expectations and beliefs concerning future events impacting WLFC and therefore involve several risks, assumptions and uncertainties. Words such as “will,” “anticipate,” “estimate,” “expect,” “should” and “may” and other words and terms of similar meaning or use of future dates may be used to identify forward-looking statements, however, the absence of these words or similar expressions does not mean that a statement is not forward-looking. All statements regarding the impact from the cybersecurity incident, the scope of the investigation and the Company’s plans, objectives, projections and expectations relating to WLFC’s operations or financial condition, and assumptions related thereto are forward-looking statements. Forward-looking statements are not guarantees and actual results could differ materially from those expressed or implied in the forward-looking statements. WLFC undertakes no obligation to publicly update or revise any forward-looking statements, whether as a result of new information, future events or otherwise, except as required by law. Potential risks and uncertainties that could cause the actual results of operations or financial condition of WLFC to differ materially from those expressed or implied by forward-looking statements include, but are not limited to: WLFC’s ongoing assessment of the impacts of the cybersecurity incident; WLFC’s expectations regarding its ability to contain and remediate the cybersecurity incident; further delays in the time required to verify some or all of WLFC’s IT systems; the impact of the incident on WLFC’s relationships with customers, partners, suppliers and employees; WLFC’s business operations, financial condition, results of operations and reputation, and confidence in WLFC’s business; legal, reputational and financial risks resulting from the cybersecurity incident; the effectiveness of business continuity plans and cybersecurity risk management policies during the cybersecurity incident; and that any future, or still undetected, cybersecurity related incident, whether an attack, disruption, intrusion, denial of service, theft or other breach could result in unauthorized access to, or disclosure of, data, resulting in claims, costs and reputational harm that could negatively affect our actual results of operations or financial condition. More information on potential factors that could affect WLFC’s financial results is included from time to time in WLFC’s public reports filed with the SEC, including WLFC’s Annual Report on Form 10-K, and Quarterly Reports on Form 10-Q, and Forms 8-K filed or furnished with the SEC. 2 ",,,
0000045012-24-000052,HALLIBURTON CO,2024-09-03,https://www.sec.gov/Archives/edgar/data/45012/000004501224000052/hal-20240830.htm,"Item 1.05. Material Cybersecurity Incident. As previously disclosed in a Current Report on Form 8-K, on August 21, 2024, Halliburton Company (the “Company”) became aware that an unauthorized third party gained access to certain of its systems. When it learned of the issue, the Company activated its cybersecurity response plan and launched an investigation internally with the support of external advisors to assess and remediate the unauthorized activity. The Company’s response efforts included proactively taking certain systems offline to help protect them and notifying law enforcement. The Company’s ongoing investigation and response include restoration of its systems and assessment of impacted data. Likewise, the Company has been and is communicating with its customers and other stakeholders regarding the incident. The Company is following its process-based safety standards for ongoing operations under the Halliburton Management System and is working to identify effects of the incident. The Company continues to provide its products and services to customers globally. The incident has caused disruptions and limitation of access to portions of the Company’s business applications supporting aspects of the Company’s operations and corporate functions. The Company believes the unauthorized third party accessed and exfiltrated information from the Company’s systems. The Company is evaluating the nature and scope of the information, and what notifications are required. The Company has incurred, and may continue to incur, certain expenses related to its response to this incident. As of the date of this Current Report on Form 8-K, the Company believes that the incident has not had, and is not reasonably likely to have, a material impact on the Company’s financial condition or results of operations. The Company remains subject to various risks due to the incident, including the adequacy of processes during the period of disruption, diversion of management’s attention, potential litigation, changes in customer behavior, and regulatory scrutiny. Forward-Looking Statements This Current Report on Form 8-K contains forward-looking statements, including, but not limited to, statements regarding the Company’s current beliefs, understanding and expectations regarding the incident and its anticipated impact on the Company’s business, financial condition and results of operations. Factors that could cause actual results to differ from those expressed in these forward-looking statements include the ongoing assessment and remediation of the incident; legal, reputational and financial risks resulting from the incident or additional cybersecurity incidents; and the risks described in the Company’s Annual Report on Form 10-K for the year ended December 31, 2023 and subsequent Quarterly Reports on Form 10-Q. Unless required by law, the Company expressly disclaims any obligation to update publicly any forward-looking statements, whether as result of new information, future events or otherwise. ",,,
0001628280-25-040658,"Inotiv, Inc.",2025-08-18,https://www.sec.gov/Archives/edgar/data/720154/000162828025040658/notv-20250808.htm,"Item 8.01. Other Events. On August 8, 2025, Inotiv, Inc. (the “Company”) became aware of a cybersecurity incident affecting certain of its systems and data. The Company’s preliminary investigation determined that a threat actor gained unauthorized access to, and encrypted certain of, the Company’s systems. Upon identifying encrypted systems, the Company took steps to contain, assess, and remediate the cybersecurity incident, including initiating an investigation, engaging external cybersecurity specialists, and restricting access to certain of its systems. The Company has also notified law enforcement. The cybersecurity incident has caused, and is expected to continue to cause, disruptions to certain business operations of the Company. The incident has temporarily impacted the availability of and access to certain of the Company’s networks and systems, including access to portions of internal data storage and certain internal business applications. The Company is currently working to bring the impacted portions of its systems back online. In addition, and at the same time, the Company initiated its business continuity strategy and has transitioned certain operations to offline alternatives with the aim of reducing disruption to its business. While the Company is working diligently to restore affected functions and systems access, the timeline for a full restoration is not yet known. The Company’s investigation of the cybersecurity incident is ongoing, and the full scope, nature and impacts, including operational and financial impacts, of the incident are not yet known. Accordingly, the Company has not yet determined whether the incident is reasonably likely to have a material impact on the Company. Cautionary Note Regarding Forward-Looking Statements This Current Report on Form 8-K contains statements that constitute “forward-looking statements” within the meaning of the Private Securities Litigation Reform Act of 1995. Such statements include statements regarding the Company's assessment of the cybersecurity incident, ongoing or potential impacts, and efforts of the Company related to the incident. Actual results may vary materially from those expressed or implied by forward-looking statements based on a number of factors, including, without limitation: any impairment of the integrity of the Company’s systems or data; delays or difficulties in restoring the Company’s systems and data; the Company’s continued ability to use alternatives to its systems, to the extent needed; the Company’s ability to process information it collected while using alternatives to its systems and the integrity of that information; the adequacy of processes during the period of disruption of the Company’s systems; the results of the Company analysis of the scope and details of the data that the threat actor accessed; release by the threat actor of any of the Company’s data, including third party data held by the Company, or the use of any such data for any fraudulent purposes; potential adverse impact of the incident on the Company's results of operations, including revenue, operating income and cash flows from operations, and on its financial condition, including liquidity; diversion of management’s attention from operations of the Company to addressing the cybersecurity incident; potential litigation related to the cybersecurity incident; potential adverse effects on relationships with customers, suppliers and other third parties as a result of the cybersecurity incident; reputational risk related to the cybersecurity incident; regulatory scrutiny of the cybersecurity incident; and other factors described under the heading “Risk Factors” in Part I, Item 1A of the Company’s Annual Report on Form 10-K for the fiscal year ended September 30, 2024, filed with the Securities and Exchange Commission (the “SEC”) on November 20, 2024 (the “Form 10-K”), as updated or supplemented by subsequent reports that the Company has filed or will file with the SEC. Potential investors, shareholders and other readers are cautioned not to place undue reliance on these forward-looking statements, which speak only as of the date on which they are made. The Company assumes no obligation to publicly update any forward-looking statement after it is made, whether as a result of new information, future events or otherwise, except as required by law. ",,,
0001437749-25-030540,BK Technologies Corp,2025-10-06,https://www.sec.gov/Archives/edgar/data/2186/000143774925030540/bkti20251006_8k.htm,"Item 8.01 Other Events. On or about September 20, 2025, BK Technologies Corporation (the “Company”) detected potentially suspicious activity involving its information technology (“IT”) systems. Upon detecting the issue, the Company began taking steps to assess, contain, and remediate the potentially unauthorized activity, including isolating the affected systems and launching an investigation with the assistance of external cybersecurity advisors. As a result of the incident, a limited number of non-critical systems experienced minor disruption. However, through the Company’s remediation efforts, the Company believes that the third party responsible for this incident has been removed from the Company’s IT systems, and the Company’s ability to access information impacted by this incident has been restored. The Company’s operations have continued throughout the period since the detection of the cybersecurity incident in all material respects. As part of the Company’s investigation into this incident, it appears that an unauthorized third-party may have obtained access to and acquired non-public information within the Company’s custody and control, which potentially includes records pertaining to current and former employees. The Company continues to investigate the nature and scope of the unauthorized access. The Company has notified law enforcement about this incident and intends to, as appropriate, furnish notice of this incident to affected parties and to regulatory agencies. The Company currently expects that a significant portion of its direct costs incurred relating to containing, investigating and remediating the cybersecurity incident will be reimbursed through insurance recoveries. While the Company’s investigation and assessment of this incident is ongoing, as of the date of this filing, the Company does not believe the incident is reasonably likely to materially impact the Company’s financial condition or results of operations. Cautionary Statement Regarding Forward-Looking Statements This Current Report on Form 8-K contains statements about future events and expectations which are “forward-looking statements” within the meaning of Sections 27A of the Securities Act of 1933, as amended, and 21E of the Securities Exchange Act of 1934, as amended. Forward-looking statements can be identified by forward-looking words such as “may,” “might,” “could,” “would,” “should,” “will,” “anticipate,” “believe,” “plan,” “estimate,” “project,” “expect,” “intend,” “seek,” “are encouraged,” and other similar expressions. Any statement contained in this Current Report on Form 8-K that is not a statement of historical fact may be deemed to be a forward-looking statement. All forward-looking statements involve risks, uncertainties and other factors that may cause actual results to differ materially from those expressed or implied in the forward-looking statements. Factors that might cause the Company’s actual results to differ materially from those anticipated in forward-looking statements include, but are not limited to, the Company’s ongoing assessment of the impacts of the cybersecurity incident, including the Company’s potential discovery of additional information related to the incident in connection with its investigation or otherwise; the Company’s expectations regarding its ability to contain and remediate the cybersecurity incident; the impact of the cybersecurity incident on the Company’s relationships with customers, employees, and governmental regulators; the legal, reputational, and financial risks resulting from the cybersecurity incident, including as may arise from any potential regulatory inquiries and/or litigation to which the Company may become subject in connection with the incident; and remediation and other additional costs that may be incurred by the Company in connection with the investigation and remediation of the incident. The forward-looking statements speak only as of the date of this Current Report on Form 8-K. The Company undertakes no obligation to publicly update or revise any forward-looking statements, whether as a result of new information, future events, or otherwise, except as required by applicable law. For additional information on identifying factors that may cause actual results to vary materially from those stated in forward-looking statements, see the Company’s Annual Report on Form 10-K for the fiscal year ended December 31, 2024, and the Company’s subsequent filings with the Securities and Exchange Commission. ",,,
0000827054-24-000153,MICROCHIP TECHNOLOGY INC,2024-08-20,https://www.sec.gov/Archives/edgar/data/827054/000082705424000153/mchp-20240820.htm,"Item 8.01. Other Events On August 17, 2024, Microchip Technology Incorporated (the ""Company"") detected potentially suspicious activity involving its information technology (""IT"") systems. Upon detecting the issue, the Company began taking steps to assess, contain and remediate the potentially unauthorized activity. On August 19, 2024, the Company determined that an unauthorized party disrupted the Company’s use of certain servers and some business operations. The Company promptly took additional steps to address the incident, including isolating the affected systems, shutting down certain systems, and launching an investigation with the assistance of external cybersecurity advisors. As a result of the incident, certain of the Company’s manufacturing facilities are operating at less than normal levels, and the Company’s ability to fulfill orders is currently impacted. The Company is working diligently to bring the affected portions of its IT systems back online, restore normal business operations and mitigate the impact of the incident. As the Company’s investigation is ongoing, the full scope, nature and impact of the incident are not yet known. As of the date of this filing, the Company has not yet determined whether the incident is reasonably likely to materially impact the Company’s financial condition or results of operations. Forward-Looking Statements This Current Report on Form 8-K contains forward-looking statements, including, but not limited to, statements regarding the Company’s current beliefs, understanding and expectations regarding the cybersecurity incident and its scope, nature and impact on the Company’s business, operations and financial results. Factors that could cause actual results to differ from those expressed in these forward-looking statements include the outcome of the Company’s ongoing assessment of the cybersecurity incident; the cost and timing of restoring the Company’s systems to their normal operating levels; legal, regulatory, reputational and financial risks resulting from the cybersecurity incident or additional cybersecurity incidents; and the risks described in the Company’s Annual Report on Form 10-K for the year ended March 31, 2024 and subsequent Quarterly Reports on Form 10-Q. Unless required by law, the Company expressly disclaims any obligation to update publicly any forward-looking statements, whether as result of new information, future events or otherwise. ",,,
0000004977-25-000128,AFLAC INC,2025-06-20,https://www.sec.gov/Archives/edgar/data/4977/000000497725000128/afl-20250620.htm,"Item 8.01 Other Events. On June 12, 2025, Aflac Incorporated, a Georgia corporation (the “Company”), identified unauthorized access to its network. The Company promptly initiated its cybersecurity incident response protocols and believes that it contained the intrusion within hours. The Company’s business remains operational, and its systems were not affected by ransomware. The Company continues to serve its policyholders as it responds to this incident and can underwrite policies, review claims, and otherwise service customers as usual. The Company has engaged leading third-party cybersecurity experts to support the Company’s response to the incident. The Company has commenced a review of potentially impacted files. That review is in its early stages. The Company is unable to determine the total number of affected individuals until that review is completed. The potentially impacted files contain claims information, health information, social security numbers, and/or other personal information, related to customers, beneficiaries, employees, agents, and other individuals in its U.S. business. The Company anticipates notifying regulators and providing appropriate notifications to individuals affected by this incident. Individuals will be offered free credit monitoring and identity theft protection services. At this time, the full scope and potential ultimate impact on the Company are not known. FORWARD-LOOKING INFORMATION The Private Securities Litigation Reform Act of 1995 provides a “safe harbor” to encourage companies to provide prospective information, so long as those informational statements are identified as forward-looking and are accompanied by meaningful cautionary statements identifying important factors that could cause actual results to differ materially from those included in the forward-looking statements. The company desires to take advantage of these provisions. This document contains cautionary statements identifying important factors that could cause actual results to differ materially from those projected herein, and in any other statements made by company officials in communications with the financial community and contained in documents filed with the Securities and Exchange Commission (SEC). Forward-looking statements are not based on historical information and relate to future operations, strategies, financial results or other developments. Furthermore, forward-looking information is subject to numerous assumptions, risks and uncertainties. In particular, statements containing words such as “expect,” “anticipate,” “believe,” “goal,” “objective,” “may,” “should,” “estimate,” “intends,” “projects,” “will,” “assumes,” “potential,” “target,” ""outlook"" or similar words as well as specific projections of future results, generally qualify as forward-looking. Factors that could cause actual results to differ materially from those expressed or implied include the Company’s discovery of additional information related to the incident, legal, reputational, and financial risks resulting from the incident, any potential regulatory inquiries, enforcement actions and/or litigation to which the Company may become subject in connection with the incident, any contract terminations, disputes or loss of business, and other additional costs that may be incurred by the Company in connection with the incident. Aflac undertakes no obligation to update such forward-looking statements. 1 ",,,
0001193125-24-094797,ORASURE TECHNOLOGIES INC,2024-04-12,https://www.sec.gov/Archives/edgar/data/1116463/000119312524094797/d825009d8k.htm,"Item 1.05 Material Cybersecurity Incidents. On or about March 27, 2024, OraSure Technologies, Inc. (the “Company”) became aware of a cybersecurity incident in which an unauthorized third party gained access to Company data from certain information systems. Following detection of the incident, the Company initiated response protocols, commenced an investigation with the assistance of cybersecurity experts and external counsel, and notified law enforcement. The Company believes it has contained the incident and believes it has preserved the integrity of its core financial and operational systems. Although the Company ascertained that certain files were exfiltrated, it is still investigating the extent of any sensitive information contained within the accessed systems, including any personal information. It is evaluating what, if any, regulatory and legal notifications are required as a result of this incident and will make such notifications as required based on its findings. As of the date hereof, the incident has not had a material impact on the Company’s operations, financial systems, or its financial condition. The Company’s information systems are operational, and it does not anticipate that this incident will have a material impact on its financial condition and results of operations moving forward. While the Company believes it has contained the incident, it continues to investigate this matter to determine the full extent of the impact on the Company. ",,,
0001193125-24-011295,MICROSOFT CORP,2024-01-19,https://www.sec.gov/Archives/edgar/data/789019/000119312524011295/d708866d8k.htm,"Item 1.05. Material Cybersecurity Incidents On January 12, 2024, Microsoft (the “Company” or “we”) detected that beginning in late November 2023, a nation-state associated threat actor had gained access to and exfiltrated information from a very small percentage of employee email accounts including members of our senior leadership team and employees in our cybersecurity, legal, and other functions, on the basis of preliminary analysis. We were able to remove the threat actor’s access to the email accounts on or about January 13, 2024. We are examining the information accessed to determine the impact of the incident. We also continue to investigate the extent of the incident. We have notified and are working with law enforcement. We are also notifying relevant regulatory authorities with respect to unauthorized access to personal information. As of the date of this filing, the incident has not had a material impact on the Company’s operations. The Company has not yet determined whether the incident is reasonably likely to materially impact the Company’s financial condition or results of operations. This Form 8-K contains forward-looking statements, which are any predictions, projections or other statements about future events based on current expectations and assumptions that are subject to risks and uncertainties, which are described in our filings with the Securities and Exchange Commission. Forward-looking statements speak only as of the date they are made. Readers are cautioned not to put undue reliance on forward-looking statements, and the Company undertakes no duty to update any forward-looking statement to conform the statement to actual results or changes in the Company’s expectations. ",,,
0001023128-24-000079,LITHIA MOTORS INC,2024-06-24,https://www.sec.gov/Archives/edgar/data/1023128/000102312824000079/lad-20240619.htm,"Item 8.01. Other Events On June 19, 2024, Lithia Motors, Inc. (the “Company”) received notice from CDK Global (“CDK”), a third-party provider of certain information systems used by the Company, that CDK had suspended systems used by the Company in response to a cybersecurity incident impacting CDK. In response, the Company activated its cyber incident response procedures, which included taking precautionary containment steps and severing business service connections between the Company’s systems and CDK’s. As a result, the Company experienced disruptions in North America to its CDK hosted dealer management system, which supports dealership operations including those supporting sales, its customer relationship management system, inventory and accounting functions. To date, the Company has not identified any compromise or unauthorized access of its systems or networks. The Company, whose dealerships continue to operate, has implemented mitigation plans to minimize disruptions and continue serving its customers. While this incident has had, and is likely to continue to have, a negative impact on the Company’s business operations until the relevant systems are fully restored, the Company has not yet determined whether the incident is reasonably likely to materially impact the Company’s financial condition or results of operations. The information provided in this report is preliminary and is based on currently available information and is subject to change during the course of CDK’s and the Company’s ongoing investigation of the incident. Forward-Looking Statements Certain statements in this report constitute forward-looking statements within the meaning of the “Safe Harbor” provisions of the Private Securities Litigation Reform Act of 1995. Generally, you can identify forward-looking statements by terms such as “project,” “outlook,” “target,” “may,” “will,” “would,” “should,” “seek,” “expect,” “plan,” “intend,” “forecast,” “anticipate,” “believe,” “estimate,” “predict,” “potential,” “likely,” “goal,” “strategy,” “future,” “maintain,” and “continue” or the negative of these terms or other comparable terms. Examples of forward-looking statements in this report include, among others, statements regarding the impact of the CDK cybersecurity incident on the Company’s business, the ability of the Company to mitigate disruptions to its operations, and the timeline for restoration of the Company’s dealer management system. Forward-looking statements are not guarantees of future performance, and our actual results of operations, financial condition and liquidity may differ materially from those made in or suggested by the forward-looking statements in this report. The risks and uncertainties that could cause actual results to differ materially from estimated or projected results include, without limitation, the Company’s discovery of additional or different information related to the incident; legal, reputational, and financial risks resulting from the incident; any potential regulatory inquiries, enforcement actions, demands and/or litigation to which the Company may become subject in connection with the incident; any disputes or loss of business, and other additional costs that may be incurred by the Company in connection with the incident, and the risks set forth in our most recent Annual Report on Form 10-K and from time to time in our other filings with the SEC. Any forward-looking statement made by us in this report is based only on information currently available to us and speaks only as of the date on which it is made. Except as required by law, we undertake no obligation to publicly update any forward-looking statement. ",,,
0001820953-24-000027,"Affirm Holdings, Inc.",2024-07-01,https://www.sec.gov/Archives/edgar/data/1820953/000182095324000027/afrm-20240625.htm,"Item 8.01. Other Events. On June 25, 2024, Evolve Bank & Trust (“Evolve”), the third-party issuer of the Affirm Card, notified the Company that Evolve had experienced a cybersecurity incident whereby a third party gained unauthorized access to personal information and financial information (“Personal Information”) of Evolve retail banking customers and the customers of its financial technology partners. Because the Company shares the Personal Information of Affirm Card users with Evolve to facilitate the issuance and servicing of Affirm Cards, the Company believes that the Personal Information of Affirm Card users was compromised as part of Evolve’s cybersecurity incident. However, the Company’s information systems were not compromised, nor was the ability for Affirm Card holders to continue using their Affirm Card. This incident has not impacted any other part of the Company’s business or operations. Upon being notified of the Evolve cybersecurity incident, the Company immediately began an investigation independent of Evolve’s investigation to determine whether any Affirm Card user Personal Information had been compromised, and that investigation, along with remediation efforts, is ongoing as of the date of this Current Report on Form 8-K (the “Filing”). Evolve has communicated to the Company that this cybersecurity incident has been contained. However, the full scope, nature and impact of the incident on the Company and Affirm Card users, including the extent to which there has been unauthorized access to Affirm Card user Personal Information, are not yet known. The Company has notified law enforcement and all Affirm Card users of the Evolve cybersecurity incident. Affirm Card users continue to be able to transact with their Affirm Cards, and the Company heightened its fraud monitoring. As of the date of this Filing, the Company does not expect that the Evolve cybersecurity incident is reasonably likely to have a material impact on the Company, including its financial condition or results of operations. Forward-Looking Statements This Current Report on Form 8-K contains forward-looking statements within the meaning of Section 27A of the Securities Act of 1933, as amended, and Section 21E of the Securities Exchange Act of 1934, as amended, that involve risks and uncertainties. All statements other than statements of historical fact are forward-looking statements, including statements regarding: the Company’s ongoing investigation and remediation of the Evolve cybersecurity incident; the nature and extent of the incident, including the extent of unauthorized access to Affirm Card user Personal Information; Evolve’s mitigation and remediation efforts; the potential disruption to our business or operations, including whether and to what extent Affirm Card usage may be impacted now and in the future; and the potential impact on the Company’s reputation, financial condition and results of operations. These forward-looking statements involve known and unknown risks, uncertainties and other important factors that may cause actual results to differ materially from expectations as of the date of this filing. Among the factors that could cause actual results to differ materially from those indicated in the forward-looking statements are risks and uncertainties associated with the ongoing investigation and remediation of the Evolve cybersecurity incident, risks related to security breaches or incidents, as well as other risks listed or described from time to time in our most recent Annual Report on Form 10-K and in our other filings with the U.S. Securities and Exchange Commission. Except as required by law, the Company assumes no obligation to update any of the statements in this Current Report on Form 8-K. 3 ",,,
0001645590-24-000009,Hewlett Packard Enterprise Co,2024-01-24,https://www.sec.gov/Archives/edgar/data/1645590/000164559024000009/hpe-20240119.htm,"Item 1.05 Material Cybersecurity Incidents On December 12, 2023, Hewlett Packard Enterprise Company (the “Company,” “HPE,” or “we”) was notified that a suspected nation-state actor, believed to be the threat actor Midnight Blizzard, the state-sponsored actor also known as Cozy Bear, had gained unauthorized access to HPE’s cloud-based email environment. The Company, with assistance from external cybersecurity experts, immediately activated our response process to investigate, contain, and remediate the incident, eradicating the activity. Based on our investigation, we now believe that the threat actor accessed and exfiltrated data beginning in May 2023 from a small percentage of HPE mailboxes belonging to individuals in our cybersecurity, go-to-market, business segments, and other functions. While our investigation of this incident and its scope remains ongoing, the Company now understands this incident is likely related to earlier activity by this threat actor, of which we were notified in June 2023, involving unauthorized access to and exfiltration of a limited number of SharePoint files as early as May 2023. Following the notice in June, we immediately investigated with the assistance of external cybersecurity experts and took containment and remediation measures intended to eradicate the activity. Upon undertaking such actions, we determined that such activity did not materially impact the Company. We have notified and are cooperating with law enforcement and are also assessing our regulatory notification obligations, and we will make notifications as appropriate based on our investigation findings. As of the date of this filing, the incident has not had a material impact on the Company’s operations, and the Company has not determined the incident is reasonably likely to materially impact the Company’s financial condition or results of operations. Forward-looking statements. This Form 8-K contains forward-looking statements within the meaning of the safe harbor provisions of the Private Securities Litigation Reform Act of 1995. Such statements involve risks, uncertainties, and assumptions. If the risks or uncertainties ever materialize or the assumptions prove incorrect, the results of Hewlett Packard Enterprise Company and its consolidated subsidiaries (“Hewlett Packard Enterprise”) may differ materially from those expressed or implied by such forward-looking statements and assumptions. The words “believe,” “expect,” “anticipate,” “intend,” “will,” ""may,"" and similar expressions are intended to identify such forward-looking statements. If the risks or uncertainties ever materialize or the assumptions prove incorrect, the results of Hewlett Packard Enterprise may differ materially from those expressed or implied by such forward-looking statements and assumptions. All statements other than statements of historical fact are statements that could be deemed forward-looking statements, including but not limited to any ongoing investigations, potential findings, or potential financial or operational impacts of the aforementioned incident. Risks, uncertainties and assumptions include those that are described in Hewlett Packard Enterprise’s Annual Report on Form 10-K for the fiscal year ended October 31, 2023, Quarterly Reports on Form 10-Q, Current Reports on Form 8-K, and that are otherwise described or updated from time to time in Hewlett Packard Enterprise’s Securities and Exchange Commission reports. Hewlett Packard Enterprise assumes no obligation and does not intend to update these forward-looking statements, except as required by applicable law. ",,,
0001831631-24-000004,"loanDepot, Inc.",2024-01-08,https://www.sec.gov/Archives/edgar/data/1831631/000183163124000004/ldi-20240104.htm,"Item 8.01. Other Events. loanDepot, Inc. (the “Company”) recently identified a cybersecurity incident affecting certain of the Company’s systems. Upon detecting unauthorized activity, the Company promptly took steps to contain and respond to the incident, including launching an investigation with assistance from leading cybersecurity experts, and began the process of notifying applicable regulators and law enforcement. Though our investigation is ongoing, at this time, the Company has determined that the unauthorized third party activity included access to certain Company systems and the encryption of data. In response, the Company shut down certain systems and continues to implement measures to secure its business operations, bring systems back online and respond to the incident. The Company will continue to assess the impact of the incident and whether the incident may have a material impact on the Company. Forward Looking Statements This current Report on Form 8-K contains “forward-looking statements” within the meaning of the federal securities laws. Forward-looking statements are made based on the Company’s expectations and beliefs concerning future events impacting the Company, and, therefore, involve several risks and uncertainties. You can identify these statements by the use of words such as “will,” “anticipate,” “estimate,” “expect,” “should,” “could” and “may” and similar expressions or the negative versions of these words or comparable words (however, the absence of these words or similar expressions does not mean that a statement is not forward-looking). All statements regarding the impact from the cybersecurity incident, the scope of the investigation and the Company’s plans, objectives, projections and expectations relating to the Company’s operations or financial condition, and assumptions related thereto are forward-looking statements. Forward-looking statements are not guarantees and actual results could differ materially from those expressed or implied in the forward-looking statements. Potential risks and uncertainties that could cause the actual results of the Company’s operations or financial condition to differ materially from those expressed or implied by forward-looking statements include, but are not limited to: the Company’s ongoing assessment of the impacts of the cybersecurity incident; the Company’s expectations regarding its ability to contain and remediate the cybersecurity incident; the impact of the cybersecurity incident on the Company’s relationships with customers, employees and regulators; legal, reputational and financial risks resulting from the cybersecurity incident; and that any future, or still undetected, cybersecurity related incident, whether an attack, disruption, intrusion, denial of service, theft or other breach could result in unauthorized access to, or disclosure of, data, resulting in claims, costs and reputational harm that could negatively affect our actual results of operations or financial condition; and other risks detailed in the “Risk Factors” section of the Company’s Annual Report on Form 10-K for the year ended December 31, 2022 and Quarterly Reports on Form 10-Q as well as any subsequent filings with the Securities and Exchange Commission, including Forms 8-K filed or furnished with the SEC. The Company does not undertake any obligation to publicly update or revise any forward-looking statement to reflect future events or circumstances, except as required by applicable law. ",,,
0000950170-24-033954,"RADIANT LOGISTICS, INC",2024-03-20,https://www.sec.gov/Archives/edgar/data/1171155/000095017024033954/rlgt-20240319.htm,"Item 1.05. Material Cybersecurity Incidents On or about March 14, 2024, through its information technology systems monitoring tools, Radiant Logistics, Inc. (the “Company”) detected what was determined to be the initial stages of a cybersecurity incident related to its Canadian operations. Upon detection, the Company immediately initiated its incident response and business continuity protocols and began taking measures to disrupt the unauthorized activity. As part of its process to address the incident, the Company proactively took measures to isolate its Canadian operations from the rest of its network and engaged the services of cybersecurity and forensics professionals to further assess, contain and remediate the incident. While the incident in combination with the Company’s security protocols have caused service delays for customers in Canada, systems recovery efforts are in process and the Company currently estimates those efforts to be largely complete in the coming week. The Company’s U.S. and other international operations have continued without disruption throughout this process in all material respects. While the investigation is ongoing, as of the date of this filing, the incident has not had a material impact on the Company’s overall operations, and the Company has not determined the incident is reasonably likely to materially impact the Company's financial conditions or results of operations. Cautionary Note Regarding Forward Looking Statements This Form 8-K contains certain statements that may be considered forward-looking statements within the meaning of Section 27A of the Securities Act of 1933, as amended, and Section 21E of the Securities Exchange Act of 1934, as amended, including the Company’s current expectations concerning the resolution of this cybersecurity incident and its impact on the Company’s business, operations or financial results. These statements by their nature involve substantial risks and uncertainties, and actual results may differ materially from those expressed in such forward-looking statements. Important factors known to the Company that could cause actual results to differ materially from those discussed in the forward-looking statements are discussed above and in Part I, Item 1A. While the early stages of the Company’s investigation lead management to reasonably believe that the Company’s cybersecurity defensive measures may have been successful in limiting the scope of the cyber incident, there can be no assurances to that effect. As the incident has just recently occurred, and the Company’s investigation is in its early stages, the Company cannot be certain that the disruption of this incident will not spread to other regions of the Company outside of Canada; nor can the Company predict whether the disruptions in Canada will not have a longer-term adverse impact on customers in Canada or across the Company’s broader regions of coverage, or whether, despite its current cybersecurity insurance coverage, the Company will be caused to incur substantial expenses or pay ransom in response to this incident; in which case the impact of the incident could have a material adverse effect upon the Company’s financial results and overall operations. All subsequent written and oral forward-looking statements attributable to us, or persons acting on our behalf, are expressly qualified in their entirety by the foregoing. Readers are cautioned not to place undue reliance on our forward-looking statements, as they speak only as of the date made. We disclaim any obligation to publicly update any forward-looking statements, whether as a result of new information, future events or otherwise. ",,,
0000950170-24-089345,META MATERIALS INC.,2024-08-01,https://www.sec.gov/Archives/edgar/data/1431959/000095017024089345/mmat-20240725.htm,"Item 1.05. Material Cybersecurity Incidents. On July 25, 2024, Meta Materials Inc. (the “Company”) became aware that its website, email system and other related information technology (IT) systems were significantly disrupted and taken offline. Upon detecting the disruption, the Company immediately began taking steps to restore, contain, and remediate the incident with internal and external cybersecurity experts, including beginning an investigation as to the cause of the disruption. On initial investigation, the Company learned that a former executive officer of the Company deliberately de-activated and cancelled the renewal of the Company’s website, which significantly impacted the Company’s IT systems, including delivery and receipt of electronic email communications from customers, investors and other stakeholders of the Company. With the assistance of outside legal counsel, the Company was able to compel the reinstatement of the website and commenced a process to ensure that IT functionality would continue uninterrupted. The website was re-activated and email systems restored on July 29, 2024, although functionality continues to be stressed and delayed as systems come back online. The Company, along with its internal and external cybersecurity experts, continue to work diligently to respond to and mitigate any impact from the incident. In addition, the Company continues to evaluate any unauthorized access to sensitive and confidential information of the Company and its stakeholders in connection with this incident. Other than the website being offline for a period of time and delayed communications through the Company’s IT systems, this unauthorized action by the former executive officer does not appear to have had a material impact on the protection of the Company’s intellectual property, or that there was unauthorized access to customer or stakeholder proprietary information. The Company continues to investigate any continuing security issues and IT functionality, and assess other actions the Company will take in response to this security and operational incident. The Company has not yet determined whether the incident is reasonably likely to materially impact the Company’s financial condition or results of operations. ",,,
0001331875-24-000005,"Fidelity National Financial, Inc.",2024-01-09,https://www.sec.gov/Archives/edgar/data/1331875/000133187524000005/fnf-20231119.htm,"Item 8.01. Other Events. On November 19, 2023, the Company became aware of a cybersecurity incident that impacted certain of our systems. We promptly commenced an investigation, retained leading experts to assist the Company, notified law enforcement authorities, regulatory authorities and other stakeholders and followed our incident response plans. In addition, we took containment measures such as blocking access to certain of our systems resulting in varying levels of disruption to our businesses. The incident was contained on November 26, 2023. The systems used by the Company to provide services have been restored. We completed our forensic investigation on December 13, 2023. We determined that an unauthorized third-party accessed certain FNF systems, deployed a type of malware that is not self-propagating, and exfiltrated certain data. The Company has no evidence that any customer-owned system was directly impacted in the incident, and no customer has reported that this has occurred. The last confirmed date of unauthorized third-party activity in the Company’s network occurred on November 20, 2023. The Company has identified and analyzed the nature and scope of the affected systems and data. The Company has notified its affected customers and applicable state attorneys general and regulators, and approximately 1.3 million potentially impacted consumers; is providing credit monitoring, web monitoring, and identity theft restoration services; and is fielding questions from consumers. The Company is continuing to coordinate with law enforcement, its customers, regulators, advisors and other stakeholders. FNF has been named as a defendant in several lawsuits related to this incident. The Company will vigorously defend itself against any litigation filed related to the incident. At this time, we do not believe that the incident will have a material impact on the Company. Forward Looking Statements This Current Report on Form 8-K contains forward-looking statements within the meaning of Section 27A of the Securities Act of 1933, as amended, Section 21E of the Securities Exchange Act of 1934, as amended, and the Private Securities Litigation Reform Act of 1995 that involve risk and uncertainties. These forward-looking statements are based on our current beliefs, understandings and expectations and may relate to, among other things, statements regarding our current beliefs, understanding and expectations regarding this incident and its impact on our business, operations and financial results. These forward-looking statements are neither promises nor guarantees, but are subject to a variety of risks and uncertainties, many of which are beyond our control, which could cause actual results to differ materially from those contemplated in these forward-looking statements. Factors that could cause actual results to differ materially from those expressed or implied include legal, regulatory, reputational, operational, and financial risks resulting from this incident, our ongoing investigation of the incident, including the Company’s potential discovery of additional information related to the incident in connection with this investigation, any potential customer and regulatory inquiries and/or litigation to which the Company may become subject in connection with this incident, the extent of remediation and other additional costs that may be incurred by the Company in connection with this incident, the extent of insurance coverage and contractual indemnification, and the risks set forth in our Annual Report on Form 10-K for the year ended December 31, 2022, filed with the Securities and Exchange Commission on February 27, 2023, and our other filings with the Securities and Exchange Commission. The Company undertakes no obligation to revise or update any forward-looking statements, or to make any other forward-looking statements, whether as a result of new information, future events or otherwise. ",,,
0001193125-24-233300,"American Water Works Company, Inc.",2024-10-07,https://www.sec.gov/Archives/edgar/data/1410636/000119312524233300/d869346d8k.htm,"Item 8.01. Other Events. Discovery of and Response to Cybersecurity Incident On October 3, 2024, American Water Works Company, Inc. (the “Company”) learned of unauthorized activity within its computer networks and systems, which the Company determined to be the result of a cybersecurity incident. Upon learning of this activity, the Company immediately activated its incident response protocols and third-party cybersecurity experts to assist with containment and mitigation activities and to investigate the nature and scope of the incident. The Company also promptly notified law enforcement and is coordinating fully with them. The Company has taken and will continue to take steps to protect its systems and data, including disconnecting or deactivating certain of its systems. The Company currently believes that none of its water or wastewater facilities or operations have been negatively impacted by this incident. Although the Company is currently unable to predict the full impact of this incident, the Company does not expect the incident will have a material effect on the Company, or its financial condition or results of operations. Cautionary Statement Concerning Forward-Looking Statements Certain statements included in this Current Report on Form 8-K are forward-looking statements within the meaning of Section 27A of the Securities Act of 1933, Section 21E of the Securities Exchange Act of 1934, and the Private Securities Litigation Reform Act of 1995. In some cases, these forward-looking statements can be identified by words with prospective meanings such as “intend,” “plan,” “estimate,” “believe,” “anticipate,” “expect,” “predict,” “project,” “propose,” “assume,” “forecast,” “outlook,” “future,” “pending,” “goal,” “objective,” “potential,” “continue,” “seek to,” “may,” “can,” “will,” “should” and “could,” or the negative of such terms or other variations or similar expressions, including statements regarding the Company’s plans to protect its systems and the impact of the incident on the Company or its financial condition or results of operations. These forward-looking statements are predictions based on the Company’s current expectations and assumptions regarding future events. They are not guarantees or assurances of any outcomes, performance or achievements, and readers are cautioned not to place undue reliance upon them. The forward-looking statements are subject to a number of estimates and assumptions, and known and unknown risks, uncertainties and other factors. Actual results may differ materially from those discussed in the forward-looking statements included in this Current Report on Form 8-K as a result of the factors discussed in the Company’s Annual Report on Form 10-K for the year ended December 31, 2023, as filed with the Securities and Exchange Commission (the “SEC”) on February 14, 2024, and other filings with the SEC, and additional risks and uncertainties, including with respect to (1) the extent of the cybersecurity incident and the results or findings of the Company’s investigation thereof; (2) the Company’s ability to contain and/or mitigate the incident; (3) the nature and scope of unauthorized activity or access or use of any sensitive, proprietary or confidential financial, or personal data or information, which may result in negative consequences such as fines, penalties or loss of reputation; (4) incremental expenses, damages or losses associated with this incident or the Company’s containment, mitigation and investigation thereof; (5) the nature, scope and result of any claims or litigation, or regulatory, legislative, local or municipal actions or proceedings that may be brought against the Company or its affiliates, or other affected parties, as a result of the incident; (6) the availability and amount of insurance coverage related to this incident; (7) other legal, reputational and financial risks or impacts resulting from this or other cybersecurity incidents and the potential impacts on the Company’s financial condition or results of operations; (8) the length and scope of disruption to the Company’s business operations caused by the incident; and (9) other economic, financial, political, business and other factors that may impact or affect the water and wastewater industries generally or the Company specifically. These forward-looking statements are qualified by, and should be read together with, the risks and uncertainties set forth above and the risk factors included in the Company’s annual and quarterly reports as filed with the SEC, and readers should refer to such risks, uncertainties and risk factors in evaluating such forward-looking statements. Any forward-looking statements speak only as of the date of this Current Report on Form 8-K. The Company does not have any obligation or intention to update or revise any forward-looking statement, whether as a result of new information, future events, changed circumstances or otherwise, except as otherwise required by the federal securities laws. New factors emerge from time to time, and it is not possible for the Company to predict all such factors. Furthermore, it may not be possible to assess the impact of any such factor on the Company’s business, or the extent to which any factor, or combination of factors, may cause results to differ materially from those contained in any forward-looking statement. 2 ",,,
0001019849-24-000089,"PENSKE AUTOMOTIVE GROUP, INC.",2024-06-21,https://www.sec.gov/Archives/edgar/data/1019849/000101984924000089/pag-20240619.htm,"Item 8.01 Other Items. On June 19, 2024, we became aware that CDK Global, LLC (“CDK”), a provider of dealer management software systems to retail automotive and commercial truck dealerships, was experiencing a cybersecurity incident and its systems were not operational. As of the filing of this Current Report, many of CDK’s systems remain inoperable. We do not utilize CDK's dealer management system in our U.S. or international automotive dealership operations. Our Premier Truck Group business utilizes CDK’s dealer management system which has been disrupted. We immediately took precautionary containment steps to protect our systems and commenced an investigation of the incident, which efforts are ongoing. Premier Truck Group has implemented its business continuity response plans and continues to operate at all locations through manual or alternate processes developed to respond to such incidents. The commercial truck dealership business has lower unit volumes than the automotive dealership business and principally serves business customers. Premier Truck Group, a heavy- and medium-duty truck dealership group offering primarily Freightliner and Western Star trucks (both Daimler brands), has locations across eleven U.S. states and the Canadian provinces of Ontario and Manitoba. PTG operates 48 locations selling new and/or used trucks, performing service and parts operations, and offering collision repair services . Caution Concerning Forward Looking Statements Statements in this Current Report on Form 8-K may involve forward-looking statements. Actual results may vary materially because of risks and uncertainties that are difficult to predict. These risks and uncertainties include, among others, our ability to mitigate the disruption caused by the CDK cybersecurity incident, those related to macro-economic, geo-political and industry conditions and events, including their impact on new and used vehicle sales, the availability of consumer credit, changes in consumer demand, consumer confidence levels, fuel prices, demand for trucks to move freight with respect to Penske Transportation Solutions (PTS) and Premier Truck Group (PTG), personal discretionary spending levels, interest rates, and unemployment rates; our ability to obtain vehicles and parts from our manufacturers, especially in light of supply chain disruptions due to natural disasters, the shortage of vehicle components, international conflicts, including the war in Ukraine, challenges in sourcing labor, or labor strikes or work stoppages, or other disruptions; changes in the retail model either from direct sales by manufacturers, a transition to an agency model of sales, sales by online competitors, or from the expansion of electric vehicles; the effects of a pandemic on the global economy, including our ability to react effectively to changing business conditions in light of any pandemic; the rate of inflation, including its impact on vehicle affordability; changes in interest rates and foreign currency exchange rates; our ability to consummate, integrate, and realize returns on acquisitions; with respect to PTS, changes in the financial health of its customers, labor strikes or work stoppages by its employees, a reduction in PTS' asset utilization rates, continued availability from truck manufacturers and suppliers of vehicles and parts for its fleet, changes in values of used trucks which affects PTS' profitability on truck sales and regulatory risks and related compliance costs, our ability to realize returns on our significant capital investments in new and upgraded dealership facilities; our ability to navigate a rapidly changing automotive and truck landscape; our ability to respond to new or enhanced regulations in both our domestic and international markets relating to dealerships and vehicles sales, including those related to the sales process or emissions standards, as well as changes in consumer sentiment relating to commercial truck sales that may hinder our or PTS' ability to maintain, acquire, sell, or operate trucks; the success of our distribution of commercial vehicles, engines, and power systems; natural disasters; recall initiatives or other disruptions that interrupt the supply of vehicles or parts to us; the outcome of legal and administrative matters, and other factors over which management has limited control. These forward-looking statements should be evaluated together with additional information about Penske Automotive Group's business, markets, conditions, risks, and other uncertainties, which could affect Penske Automotive Group's future performance. The risks and uncertainties discussed above are not exhaustive and additional risk and uncertainties are addressed in Penske Automotive Group's Form 10-K for the year ended December 31, 2023, its Form 10-Q for the three months ended March 31, 2024, and its other filings with the Securities and Exchange Commission. This this Current Report on Form 8-K speaks only as of its date, and Penske Automotive Group disclaims any duty to update the information herein. ",,,
0001079973-25-001631,JEWETT CAMERON TRADING CO LTD,2025-10-21,https://www.sec.gov/Archives/edgar/data/885307/000107997325001631/jctc_8k.htm,"Item 1.05. Material Cybersecurity Incidents. On October 15, 2025, Jewett-Cameron Trading Co. Ltd. (the “Company”) learned that a threat actor had gained unauthorized access to portions of the Company’s information technology (“IT”) environment and claimed to have unlawfully accessed certain Company information and data. The Company immediately activated its cyber incident response process to contain the intrusion, assess and investigate the incident and implement remedial measures. The Company also immediately notified law enforcement and retained external cybersecurity experts to assist. Based on its investigation to date, the Company believes that the cybersecurity incident consisted of unauthorized access and deployment of encryption and monitoring software by a third party to a portion of the Company’s internal corporate IT systems. The incident caused disruptions and limitation of access to portions of the Company’s business applications supporting aspects of the Company’s operations and corporate functions, which the Company voluntarily took offline as a precautionary measure. Based on the information reviewed to date, the Company believes the unauthorized activity has been contained and is working diligently to bring the impacted portions of its IT systems and individual computer devices back online. Although the Company ascertained that certain information was exfiltrated, it is still investigating the extent of compromise of any sensitive information contained within the accessed IT systems. However, it is believed that the threat actors unlawfully accessed certain computer systems and exfiltrated images of video meetings and computer screens that may contain sensitive Company information. The threat actors have threatened to release this information publicly if the Company does not provide them with a monetary payment. The Company has taken additional cybersecurity measures in response to this incident including closing off the point of unlawful access and bolstering its cyber defensive capabilities. The Company believes that the costs associated with these activities will be largely covered by the Company’s cyber security insurance policy. However, due to the extended period that the Company has been and may continue to be offline, operations may be materially impacted, which may also impact the Company’s financial results for the first quarter of fiscal 2026. Current analysis indicates that the data exfiltrated primarily relates to IT related information and financial information the Company has been gathering and analyzing over the past few weeks in preparation of filing with the Securities and Exchange Commission its Annual Report on Form 10-K for the fiscal year ended August 31, 2025, which the Company expects to release in mid-November. As the investigation of the incident is ongoing, the full scope, nature and impact of the incident are not yet completely known. We have no current evidence that any personally identifiable information of any employees, customers, suppliers or vendors has been compromised, but our analysis and review of the potential compromised systems and data continues. The Company is bringing systems and devices online in a thoughtful and methodical manner in coordination with our cybersecurity experts and the ongoing investigation and expects to be at full operational capability shortly. Cautionary Language Concerning Forward-Looking Statements Information set forth herein contains financial estimates and other forward-looking statements that are subject to risks and uncertainties, and actual results might differ materially. A discussion of factors that may affect future results is contained in the Company’s filings with the Securities and Exchange Commission. The Company disclaims any obligation to update and revise statements contained herein based on new information or otherwise, except as required by law. ",,,
0001193125-24-233900,ADT Inc.,2024-10-07,https://www.sec.gov/Archives/edgar/data/1703056/000119312524233900/d876174d8k.htm,"Item 8.01 Other Information. ADT Inc. (“ADT” or the “Company”) recently became aware of unauthorized activity on the Company’s network, and discovered an unauthorized actor had illegally accessed ADT’s network using compromised credentials obtained through a third-party business partner. The Company promptly took steps to shut down the unauthorized access, notified the third party its systems had been compromised, launched an investigation, and implemented counter measures intended to safeguard the Company’s information technology assets and operations. ADT has hired leading third-party cybersecurity experts to assist with the Company’s response to the incident, and is working closely with federal law enforcement. The Company is also cooperating closely with its third-party business partner to address the incident. The Company believes the unauthorized actor exfiltrated certain encrypted internal ADT data associated with employee user accounts during the intrusion. Based on its investigation to date, the Company does not believe customers’ personal information has been exfiltrated, or that customers’ security systems have been compromised. ADT’s containment measures have resulted in some disruptions to the Company’s information systems, and the Company’s investigation is at an early stage and ongoing. Forward Looking Statements ADT has made statements in this filing that are forward-looking and therefore subject to risks and uncertainties, including those described below. All statements, other than statements of historical fact, included in this document are, or could be, “forward-looking statements” within the meaning of the Private Securities Litigation Reform Act of 1995 and the applicable rules and regulations of the Securities and Exchange Commission (the “SEC”) and are made in reliance on the safe harbor protections provided thereunder. These forward-looking statements relate to, among other things, the impact from the cybersecurity incident, the scope of the investigation and the Company’s plans, objectives, projections and expectations relating to the Company’s operations or financial condition, and assumptions related thereto. Without limiting the generality of the preceding sentences, any time we use the words “ongoing,” “expects,” “intends,” “will,” “anticipates,” “believes,” “confident,” “continue,” “propose,” “seeks,” “could,” “may,” “should,” “estimates,” “forecasts,” “might,” “goals,” “objectives,” “targets,” “planned,” “projects,” and, in each case, their negative or other various or comparable terminology, and similar expressions, we intend to clearly express that the information deals with possible future events and is forward-looking in nature. However, the absence of these words or similar expressions does not mean that a statement is not forward-looking. These forward-looking statements are based on management’s current beliefs and assumptions and on information currently available to management. We caution that these statements are subject to risks and uncertainties, many of which are outside of our control and could cause future events or results to be materially different from those stated or implied in this filing, including, among others, the Company’s ongoing assessment of the impacts of the cybersecurity incident; the Company’s expectations regarding its ability to contain and remediate the cybersecurity incident; the Company’s ability to coordinate effectively with its third party business partner to address the cybersecurity incident; the impact of the cybersecurity incident on the Company’s relationships with customers, employees and regulators; legal, reputational and financial risks resulting from the cybersecurity incident; the Company’s ability to effectively implement counter measures intended to safeguard the Company’s information technology assets and operations; and that any future, or still undetected, cybersecurity related incident, whether an attack, disruption, intrusion, denial of service, theft or other breach could result in unauthorized access to, or disclosure of, data, resulting in claims, costs and reputational harm that could negatively affect our actual results of operations or financial condition; and risks that are described in the Company’s Annual Report and its Quarterly Reports on Form 10-Q, including the sections titled “Risk Factors” and “Management’s Discussion and Analysis of Financial Condition and Results of Operations” contained in those reports, and in our other filings with the SEC. Any forward-looking statement made in this filing speaks only as of the date on which it is made. ADT undertakes no obligation to publicly update or revise any forward-looking statement, whether as a result of new information, future developments, or otherwise. ",,,
0001213900-25-054319,"Zoomcar Holdings, Inc.",2025-06-13,https://www.sec.gov/Archives/edgar/data/1854275/000121390025054319/ea0245724-8k_zoomcar.htm,"Item 1.05. Material Event. On June 9, 2025, Zoomcar Holdings, Inc. (the “Company”) identified a cybersecurity incident involving unauthorized access to its information systems. The Company became aware of the incident after certain employees received external communications from a threat actor alleging unauthorized access to Company data. Upon discovery, the Company promptly activated its incident response plan. Based on preliminary findings, the Company determined that an unauthorized third party accessed a limited dataset containing certain personal information of a subset of approximately 8.4 million users, including names, phone numbers, car registration numbers, personal addresses and email addresses associated with such users. At this time, there is no evidence that financial information, plaintext passwords, or other sensitive identifiers were compromised. In response to the incident, the Company has taken immediate actions to contain the threat and enhance its security posture. These measures include implementing additional safeguards across the cloud and internal network, increasing system monitoring, and reviewing access controls. The Company is also engaging with third-party cybersecurity experts to further assist with the investigation. The Company has also notified the appropriate regulatory and law enforcement authorities and is cooperating fully with their inquiries. To date, the incident has not resulted in any material disruption to the Company’s operations. However, the Company continues to evaluate the scope and potential impacts of the event, including legal, financial, and reputational considerations, as well as any associated remediation costs. Forward-Looking Statements This report contains “forward-looking statements” within the meaning of the “safe harbor” provisions of the Private Securities Litigation Reform Act of 1995, including but not limited to, statements regarding the Company’s expectations regarding the incident disclosed and its impact on the Company. When used in this discussion, the words “may,” “believes,” “intends,” “seeks,” “aims,” “anticipates,” “plans,” “estimates,” “expects,” “should,” “assumes,” “continues,” “could,” “will,” “future” and the negative of these or similar terms and phrases are intended to identify forward-looking statements in this press release. Forward-looking statements reflect our current expectations regarding future events, results or outcomes. These expectations may or may not be realized. Although we believe the expectations reflected in the forward-looking statements are reasonable, we can give you no assurance these expectations will prove to be correct. Some of these expectations may be based upon assumptions, data or judgments that prove to be incorrect. Actual events, results and outcomes may differ materially from our expectations due to a variety of known and unknown risks, uncertainties and other factors. For a detailed discussion of these and other risk factors, please refer to the risks detailed in our filings with the Securities and Exchange Commission, including, without limitation, our Annual Report on Form 10-K and subsequent periodic and current reports. Past performance is not necessarily indicative of future results. We undertake no intention or obligation to update or revise any forward-looking statements, whether as a result of new information, future events or otherwise. Forward-looking statements should not be relied upon as representing our views as of any date subsequent to the date of this press release. 1 ",,,
0000731766-24-000045,UNITEDHEALTH GROUP INC,2024-02-22,https://www.sec.gov/Archives/edgar/data/731766/000073176624000045/unh-20240221.htm,"Item 1.05. Material Cybersecurity Incidents. On February 21, 2024, UnitedHealth Group (the “Company”) identified a suspected nation-state associated cyber security threat actor had gained access to some of the Change Healthcare information technology systems. Immediately upon detection of this outside threat, the Company proactively isolated the impacted systems from other connecting systems in the interest of protecting our partners and patients, to contain, assess and remediate the incident. The Company is working diligently to restore those systems and resume normal operations as soon as possible, but cannot estimate the duration or extent of the disruption at this time. The Company has retained leading security experts, is working with law enforcement and notified customers, clients and certain government agencies. At this time, the Company believes the network interruption is specific to Change Healthcare systems, and all other systems across the Company are operational. During the disruption, certain networks and transactional services may not be accessible. The Company is providing updates on the incident at https://status.changehealthcare.com/incidents/hqpjz25fn3n7 . Please access that site for further information. As of the date of this report, the Company has not determined the incident is reasonably likely to materially impact the Company’s financial condition or results of operations. Forward-Looking Statements This Current Report on Form 8-K contains “forward-looking statements” which are intended to take advantage of the “safe harbor” provisions of the federal securities law. The words “believe,” “expect,” “intend,” “estimate,” “anticipate,” “forecast,” “outlook,” “plan,” “project,” “should” and similar expressions identify forward-looking statements. These forward-looking statements are based on management’s current expectations and assumptions; however, by their nature, forward-looking statements are subject to risks, uncertainties and assumptions that are difficult to predict or quantify. You should not place undue reliance on forward-looking statements, which speak only as of the date they are made. Certain important factors that could cause actual results to differ, possibly materially, from expectations or estimates reflected in such forward-looking statements can be found in the “Risk Factors” and “Forward-Looking Statements” sections included in the Company’s Annual Reports on Form 10-K and Quarterly Reports on Form 10-Q. We do not undertake to update or revise any forward-looking statements, except as required by law. ",,,
0000950103-24-002017,SouthState Corp,2024-02-09,https://www.sec.gov/Archives/edgar/data/764038/000095010324002017/dp206600_8k.htm,"Item 1.05. Material Cybersecurity Incidents. SouthState Bank, N.A., (the ""Company"") detected what was determined to be a cybersecurity incident on February 6, 2024. Upon detection, the Company initiated its incident response and business continuity protocols and began taking measures to disrupt the unauthorized activity. As part of its process to address the incident, the Company proactively took measures to isolate parts of its network, which resulted in some disruption to the Company's business processes. The Company's operations have continued throughout this process in all material respects. The Company is conducting a thorough investigation and a cybersecurity firm has been engaged. Banking regulators and law enforcement have been notified. While the investigation is ongoing, as of the date of this filing, the incident has not had a material impact on the Company's operations, and the Company has not determined the incident is reasonably likely to materially impact the Company's financial conditions or results of operations. Cautionary Statement Regarding Forward Looking Statements Statements included in this communication, which are not historical in nature are intended to be, and are hereby identified as, forward-looking statements for purposes of the safe harbor provided by Section 27A of the Securities Act of 1933 and Section 21E of the Securities Exchange Act of 1934. Forward-looking statements are based on, among other things, management’s beliefs, assumptions, current expectations, estimates and projections about the financial services industry, the economy and SouthState. Words and phrases such as “may,” “approximately,” “continue,” “should,” “expects,” “projects,” “anticipates,” “is likely,” “look ahead,” “look forward,” “believes,” “will,” “intends,” “estimates,” “strategy,” “plan,” “could,” “potential,” “possible” and variations of such words and similar expressions are intended to identify such forward-looking statements. SouthState cautions readers that forward-looking statements are subject to certain risks, uncertainties and assumptions that are difficult to predict with regard to, among other things, timing, extent, likelihood and degree of occurrence, which could cause actual results to differ materially from anticipated results. Such risks, uncertainties and assumptions, include, among others, the following: (1) economic downturn risk, potentially resulting in deterioration in the credit markets, inflation, greater than expected noninterest expenses, excessive loan losses and other negative consequences, which risks could be exacerbated by potential negative economic developments resulting from federal spending cuts and/or one or more federal budget-related impasses or actions; (2) interest rate risk primarily resulting from the interest rate environment, the number and pace of interest rate increases, and their impact on the Bank’s earnings, including from the correspondent and mortgage divisions, housing demand, the market value of the Bank’s loan and securities portfolios, and the market value of SouthState’s equity; (3) volatility in the financial services industry (including failures or rumors of failures of other depository institutions), along with actions taken by governmental agencies to address such turmoil, could affect the ability of depository institutions, including us, to attract and retain depositors and to borrow or raise capital; (4) the impact of increasing digitization of the banking industry and movement of customers to on-line platforms, and the possible impact on the Bank’s results of operations, customer base, expenses, suppliers and operations; (5) controls and procedures risk, including the potential failure or circumvention of our controls and procedures or failure to comply with regulations related to controls and procedures; (6) potential deterioration in real estate values; (7) the impact of competition with other financial institutions, including deposit and loan pricing pressures and the resulting impact, including as a result of compression to net interest margin; (8) risks relating to the ability to retain our culture and attract and retain qualified people, which could be exacerbated by the continuing work from remote environment; (9) credit risks associated with an obligor’s failure to meet the terms of any contract with the Bank or otherwise fail to perform as agreed under the terms of any loan-related document; (10) risks related to the ability of the Company to pursue its strategic plans which depend upon certain growth goals in our lines of business; (11) liquidity risk affecting the Bank’s ability to meet its obligations when they come due; (12) risks associated with an anticipated increase in SouthState’s investment securities portfolio, including risks associated with acquiring and holding investment securities or potentially determining that the amount of investment securities SouthState desires to acquire are not available on terms acceptable to SouthState; (13) unexpected outflows of uninsured deposits may require us to sell investment securities at a loss; (14) the loss of value of our investment portfolio could negatively impact market perceptions of us and could lead to deposit withdrawals; (15) price risk focusing on changes in market factors that may affect the value of traded instruments in “mark-to-market” portfolios; (16) transaction risk arising from problems with service or product delivery; (17) compliance risk involving risk to earnings or capital resulting from violations of or nonconformance with laws, rules, regulations, prescribed practices, or ethical standards; (18) regulatory change risk resulting from new laws, rules, regulations, accounting principles, proscribed practices or ethical standards, including, without limitation, the possibility that regulatory agencies may require higher levels of capital above the current regulatory-mandated minimums and including the impact of special FDIC assessments",,,
0001193125-25-119311,NUCOR CORP,2025-05-14,https://www.sec.gov/Archives/edgar/data/73309/000119312525119311/d795264d8k.htm,"Item 1.05. Material Cybersecurity Incidents. Nucor Corporation (the “Company”) recently identified a cybersecurity incident involving unauthorized third party access to certain information technology systems used by the Company. Upon detecting the incident, the Company began promptly taking steps to contain and respond to the incident, including activating its incident response plan, proactively taking potentially affected systems offline and implementing other containment, remediation, or recovery measures. The Company is actively investigating the incident with the assistance of leading external cybersecurity experts and has notified federal law enforcement authorities. As of the date of this filing and in an abundance of caution, the Company temporarily and proactively halted certain production operations at various locations. However, the Company is currently in the process of restarting the affected operations. As the investigation of the incident is ongoing, the Company will continue to monitor the timing and materiality of the incident. Forward-Looking Statements Certain statements made in this report, or in other public filings, press releases, or other written or oral communications made by Nucor, which are not historical facts are forward-looking statements subject to the safe harbor provisions of the Private Securities Litigation Reform Act of 1995. These forward-looking statements involve risks and uncertainties which we expect will or may occur in the future and may impact our business, financial condition and results of operations. The words “anticipate,” “believe,” “expect,” “intend,” “project,” “may,” “will,” “should,” “could” and similar expressions are intended to identify those forward-looking statements. These forward-looking statements reflect the Company’s best judgment based on current information, and, although we base these statements on circumstances that we believe to be reasonable when made, there can be no assurance that future events will not affect the accuracy of such forward-looking information. As such, the forward-looking statements are not guarantees of future performance, and actual results may vary materially from the projected results and expectations discussed in this report. Factors that might cause the Company’s actual results to differ materially from those anticipated in forward-looking statements include, but are not limited to: the Company’s ongoing assessment of the impacts of the cybersecurity incident, including the Company’s potential discovery of additional information related to the incident in connection with its investigation or otherwise; the Company’s expectations regarding its ability to contain and remediate the cybersecurity incident; the impact of the cybersecurity incident on the Company’s relationships with customers, employees, and governmental regulators; the legal, reputational, and financial risks resulting from the cybersecurity incident, including as may arise from any potential regulatory inquiries and/or litigation to which the Company may become subject in connection with the incident; remediation and other additional costs that may be incurred by the Company in connection with the investigation and remediation of the incident; and the risks discussed in “Item 1A. Risk Factors” of the Company’s Annual Report on Form 10-K for the year ended December 31, 2024, as may be supplemented by “Item 1A. Risk Factors” in the Company’s subsequent Quarterly Reports on Form 10-Q and in the Company’s other periodic and current reports filed with the SEC. 1 ",,,
0001822359-24-000037,DocGo Inc.,2024-05-07,https://www.sec.gov/Archives/edgar/data/1822359/000182235924000037/dcgo-20240507.htm,"Item 8.01 Other Events. DocGo Inc. (the “Company”) recently identified a cybersecurity incident involving certain of the Company’s systems. Promptly after detecting unauthorized activity, the Company took steps to contain and respond to the incident, including launching an investigation, with assistance from leading third-party cybersecurity experts, and notifying relevant law enforcement. As part of its investigation, the Company has determined that the threat actor accessed and acquired data, including certain protected health information, from a limited number of healthcare records within the Company’s U.S.-based ambulance transportation business, and that no other business lines have been involved. In addition, although the investigation is ongoing, as of the date of this Current Report on Form 8-K (this “Report”), the Company has found no evidence of continued unauthorized activity on its systems and has contained the incident. The Company has started the process of providing notifications as required by applicable law. To date, the cybersecurity incident has not had a material impact on the Company’s operations, and the Company currently does not expect that the cybersecurity incident will have a material impact on its overall financial condition or on its ongoing results of operations. Cautionary Note Regarding Forward-Looking Statements This Report may contain forward-looking statements (including within the meaning of Section 21E of the Securities Exchange Act of 1934, as amended, and Section 27A of the Securities Act of 1933, as amended) concerning the Company. All statements other than statements of historical fact are forward-looking, including, but not limited, to statements regarding the impact from the cybersecurity incident, the scope of the investigation and the Company’s possible or assumed future actions, business strategies, plans and goals. These statements may be identified by words such as “may”, “will”, “expect”, “intend”, “plan”, “potential”, “believe”, “seek”, “could”, “estimate”, “judgment”, “targeting”, “should”, “anticipate”, “predict” “project”, “aim”, “goal”, “outlook”, “guidance”, and similar words, phrases or expressions. These forward-looking statements are based on management’s current expectations and beliefs, as well as assumptions made by, and information currently available to, management, and current market trends and conditions. Forward-looking statements inherently involve risks and uncertainties, many of which are beyond the Company’s control, and which may cause actual results to differ materially from those contained in the Company’s forward-looking statements. Accordingly, you should not place undue reliance on such statements. Potential risks and uncertainties that could cause the actual results of the Company’s operations or financial condition to differ materially from those expressed or implied by forward-looking statements include, but are not limited to: the Company’s ongoing assessment of the impacts of the cybersecurity incident; the Company’s ongoing assessment and investigation of the incident, including the Company’s potential discovery of additional information related to the incident in connection with its investigation or otherwise; the impact of the cybersecurity incident on the Company’s relationships with customers, partners, employees and regulators; legal, reputational and financial risks resulting from the cybersecurity incident; the extent of available insurance coverage; any regulatory inquiries and/or litigation filed in connection with this incident and associated costs; the Company’s ability to service its customers following the issue and any change in customer behavior as a result of the issue; the scope of personal information that was accessed or obtained by the unauthorized third party and the negative consequences of the illegal or improper use of such information by the unauthorized third party, such as fines, penalties, or loss of reputation, competitiveness or customers; and that any future, or still undetected, cybersecurity related incident, whether an attack, disruption, intrusion, denial of service, theft or other breach could result in unauthorized access to, or disclosure of, data, resulting in claims, costs and reputational harm that could negatively affect our actual results of operations or financial condition; and other risks detailed in the “Risk Factors” section of the Company’s Annual Report on Form 10-K for the year ended December 31, 2023 and Quarterly Reports on Form 10-Q as well as any subsequent filings with the Securities and Exchange Commission, including Forms 8-K filed or furnished with the SEC. The forward-looking statements in this document speak only as of the date of this Report. The Company undertakes no intent or obligation to publicly update or revise any of these forward-looking statements, whether as a result of new information, future events or otherwise. 1 ",,,
0001654954-24-015098,ENGLOBAL CORP,2024-12-02,https://www.sec.gov/Archives/edgar/data/933738/000165495424015098/eng_8k.htm,"Item 1.05 Material Cybersecurity Incidents. On November 25, 2024, ENGlobal Corporation (the “Company”) became aware of a cybersecurity incident. The preliminary investigation has revealed that a threat actor illegally accessed the Company’s information technology (“IT”) system and encrypted some of its data files. Upon detecting the unauthorized access, the Company immediately took steps to contain, assess and remediate the cybersecurity incident, including beginning an internal investigation, engaging external cybersecurity specialists, and restricting access to its IT system. As a result of these and other measures, and while the investigation and remediation efforts remain ongoing, access to the Company’s IT system is limited to essential business operations. The timing of restoration of full access to the Company’s IT system remains unclear as of the date of this filing. The Company has not yet determined whether the cybersecurity incident is reasonably likely to materially impact the Company’s financial condition or results of operations. Cautionary Note Regarding Forward-Looking Statements This Current Report on Form 8-K contains forward-looking statements within the meaning of the Section 27A of the Securities Act of 1933, as amended, and Section 21E of the Securities Exchange Act of 1934, as amended. These statements address the Company’s expectations or beliefs regarding future events, actions or performance, including the containment, assessment and remediation of the cybersecurity incident, the restoration of full access to the Company’s IT system and the impact on the Company, including its financial condition and results of operations. Factors that could affect future developments and performance include the completion of the Company’s investigation, the possibility that containment and remediation may not be successful and other risk factors contained in the Company’s Annual Report on Form 10-K for the year ended December 30, 2023, subsequent Quarterly Reports on Form 10-Q and other documents that the Company has filed with the Securities and Exchange Commission. 2 ",,,
