incident_id,_campaign_id,campaign_size,year,victim,industry_naics2,employee_count,country,asset_cloud,auto_infra,auto_infra_reason,needs_manual_review,auto_root_cause,auto_root_cause_alt,flags,detection_unit,detection_ord,detection_days,containment_unit,containment_ord,containment_days,loss_usd,legal_regulatory_loss,summary,reference,coder1_infra,coder2_infra,final_infra,crossed_environments,coder1_root_cause,coder2_root_cause,final_root_cause,regulatory_fine,litigation,notes,campaign,hand_infra,hand_root_cause
ce76ba10-0a45-11ea-9821-617d71ee6253,,1,2019,Microsoft,56,Over 100000,US,External Cloud Asset(s),CLOUD,asset.cloud = External Cloud,,OTHER,OTHER,,,,,Hours,2,,,,The danger of making mistakes when changing cloud systems that run at massive scale was demonstrated on Thursday evening (August 3) when the Office 365 Admin Center suddenly started to reveal usage data belonging to other tenants. ,"https://www.petri.com/data-leak-office-365-admin-center,",,,,,,,,,,,,CLOUD,OTHER
a4df4420-0cc8-11eb-9ca0-972c112a0cb8,,1,2019,Southeastern Pennsylvania Transportation Authority,48,1001 to 10000,US,External Cloud Asset(s),CLOUD,asset.cloud = External Cloud,,UNPATCHED,UNPATCHED,UNPATCHED,Weeks,4,21,Minutes,1,0.04,,,magecart attack on e-commerce site,https://www.inquirer.com/news/septa-data-breach-cyber-crime-hack-tech-philadelphia-20190919.html,,,,,,,,,,,,CLOUD,UNPATCHED
a8509040-ce6d-11e9-b4e5-4769cce343a0,,1,2019,Samsung,44,Over 100000,KR,External Cloud Asset(s),CLOUD,asset.cloud = External Cloud,,MISCONFIG,MISCONFIG,MISCONFIG,,,,Weeks,4,,,,"Security researcher revealed that sensitive information including source code, credentials and secret keys have been made accessible on GitLab. Mossab Hussein, a security researcher at SpiderSilk,  discovered dozens of exposed files and credentials to the entire AWS account that was being used on GitLab.  Many of the files contained logs, analytics data, and the source code for the Samsung smart home ecosystem, SmartThings and Bixby services. The files also contained several employees’ credentia",https://gdpr.report/news/2019/05/10/samsung-data-leak-exposes-source-code-passwords-and-employee-data/,,,,,,,,,,,,CLOUD,MISCONFIG
a22fb320-0c89-11eb-ac0d-91a70ee1d655,,1,2019,MGM,72,50001 to 100000,US,External Cloud Asset(s),CLOUD,asset.cloud = External Cloud,,OTHER,OTHER,,,,,,,,,,Hackers share 10.6 million user records of MGM guests gathered through unknown hacking methods,https://www.zdnet.com/article/exclusive-details-of-10-6-million-of-mgm-hotel-guests-posted-on-a-hacking-forum/,,,,,,,,,,,,CLOUD,OTHER
31dfa8b0-1c77-11ec-bbb1-d17b99816d46,,1,2019,LiveRamp,54,1001 to 10000,US,External Cloud Asset(s),CLOUD,asset.cloud = External Cloud,,CREDENTIAL,CREDENTIAL,CREDENTIAL,,,,,,,,,"Hackers infiltrated a big Facebook data partner, LiveRamp, to launch scams ",https://www.cnet.com/news/hackers-infiltrated-a-big-facebook-data-partner-to-launch-scams/,,,,,,,,,,,,CLOUD,CREDENTIAL
d02a6ea0-0591-11ea-a6b7-b9a04765ea4f,,1,2019,Leadership for Educational Equity,61,1001 to 10000,US,External Cloud Asset(s),CLOUD,asset.cloud = External Cloud,,MISCONFIG,MISCONFIG,MISCONFIG,,,,Days,3,,,,Leadership for Education Equality left public open elastic search database,https://securitydiscovery.com/leadership-for-educational-equity/,,,,,,,,,,,,CLOUD,MISCONFIG
56111900-0ade-11ea-9821-617d71ee6253,,1,2019,Microsoft,56,Over 100000,US,External Cloud Asset(s),CLOUD,asset.cloud = External Cloud,,CREDENTIAL,CREDENTIAL,CREDENTIAL,Months,5,,Hours,2,,,,"Earlier this month, Motherboard broke the news that hackers were not only able to access Outlook users’ email metadata as previously reported, but also email content. The breach centered around a hacker getting hold of a Microsoft customer support worker’s login credentials; from there, the hacker could dive into the content of any non-corporate Outlook, Hotmail, or MSN account, Motherboard found.","https://techcrunch.com/2019/04/13/microsoft-support-agent-email-hack/,https://www.theverge.com/2019/4/13/18309192/microsoft-outlook-email-account-hack-breach-security,https://www.vice.com/en_us/article/xwndwn/microsoft-outlook-msn-hotmail-breach-cryptocurrency-bitcoin",,,,,,,,,,,,CLOUD,CREDENTIAL
8b34b220-0ae0-11ea-a7de-15b14f857e77,,1,2019,Scotiabank,52,50001 to 100000,CA,External Cloud Asset(s),CLOUD,asset.cloud = External Cloud,,OTHER,OTHER,,Days,3,,Hours,2,,,,bank publishes internal information in public github repository,"https://www.scmagazine.com/home/security-news/data-breach/report-scotiabank-exposed-source-code-and-credentials-on-github-repositories/,https://www.itworldcanada.com/article/scotiabank-source-code-credentials-found-open-on-github-news-report/421992,https://www.theregister.co.uk/2019/09/18/scotiabank_code_github_leak/",,,,,,,,,,,,CLOUD,OTHER
46e17640-25c8-11eb-a3b1-07c4769263ea,,1,2019,Entercom ,33,1001 to 10000,US,External Cloud Asset(s),CLOUD,asset.cloud = External Cloud,,OTHER,OTHER,,,,,,,,,,"Entercom says in a notice of data breach sent to affected customers and filed with California's Office of the Attorney General that the data breach was detected while investigating a cyberattack that took place in September 2019.     ""As part of our investigation into that attack, we became aware of unauthorized activity relating to third-party cloud hosting services, which we use to store information relating to Radio.com users,"" Entercom explains.  ""Specifically, our investigation determined t",https://www.bleepingcomputer.com/news/security/entercom-radio-giant-says-data-breach-exposed-user-credentials/ ; https://www.crossingbroad.com/2020/03/entercom-hackers-obtained-radio-com-user-information.html,,,,,,,,,,,,CLOUD,OTHER
251f6910-72d8-11eb-a46e-831b23dc7360,,1,2020,Buchbinder ,53,1001 to 10000,DE,External Cloud Asset(s),CLOUD,asset.cloud = External Cloud,,MISCONFIG,MISCONFIG,MISCONFIG,,,,,,,,,"German car rental company Buchbinder exposed the personal information of over 3.1 million customers including federal ministry employees, diplomats, and celebrities, all of it stored within a ten terabytes MSSQL backup database left unsecured on the Internet.  The German company runs a worldwide network of over 5000 car rental stations directed by partners and franchise holders, with clients from  ""IMPORTANT INFORMATION - Dear customers, we have been informed of a data leak that affected our sys",https://www.n-tv.de/wirtschaft/Datenpanne-bei-Autovermieter-Buchbinder-article21526642.html ; https://borncity.com/win/2020/01/23/datenleck-beim-autovermieter-buchbinder/,,,,,,,,,,,,CLOUD,MISCONFIG
d4a9ba90-6c87-11eb-ae4f-03e1e00a9a54,,1,2020,Microsoft,51,Over 100000,US,External Cloud Asset(s),CLOUD,asset.cloud = External Cloud,,MISCONFIG,MISCONFIG,MISCONFIG,Days,3,3,Hours,2,,,,Microsoft accidentally left an unsecured database full of customer's searches which was then discovered by security researchers,https://www.komando.com/security-privacy/bing-data-leak/755664/,,,,,,,,,,,,CLOUD,MISCONFIG
81bcac30-025a-11eb-8781-bfb630cdf748,,1,2020,Televisa,51,25001 to 50000,MX,External Cloud Asset(s),CLOUD,asset.cloud = External Cloud,,MISCONFIG,MISCONFIG,MISCONFIG,,,,,,,,,Fut Fantastico had a misconfigured S3 bucket which leaked info on 150k users,https://cisomag.eccouncil.org/fut-fantastico-data-breach/,,,,,,,,,,,,CLOUD,MISCONFIG
309071f0-17cd-11ec-b2e1-af958f712d05,,1,2020,University of Tasmania,61,1001 to 10000,AU,External Cloud Asset(s),CLOUD,asset.cloud = External Cloud,,MISCONFIG,MISCONFIG,MISCONFIG,Months,5,213.08,,,,,,"Extraordinary blunder results in the private details of almost 20,000 Australian university students leaked online in massive data breach - University of Tasmania",https://www.dailymail.co.uk/news/article-8754721/Private-details-20-000-Australian-university-students-leaked-online-massive-data-breach.html,,,,,,,,,,,,CLOUD,MISCONFIG
4f0c06c0-a501-11ea-9a08-d99599f4dafe,,1,2020,Oakland Unified School District,61,1001 to 10000,US,External Cloud Asset(s),CLOUD,asset.cloud = External Cloud,,OTHER,OTHER,,,,,,,,,,"In Oakland, the district suffered a more widespread breach of student privacy after administrators inadvertently publicly posted hundreds of access codes and passwords used by teachers and students to log into online classrooms and video conferences.  The codes allowed anyone with a Gmail account to join the Google Classroom sites set up by teachers across the district, allowing access to students’ full names as well as their comments posted in the class. The documents also included the time, ac",https://www.sfchronicle.com/local-politics/article/Cybersecurity-breaches-leave-Oakland-and-Berkeley-15188263.php,,,,,,,,,,,,CLOUD,OTHER
585d5280-74ac-11eb-a956-8766d2dd0181,,1,2020,Uttar Pradesh government,92,Large,IN,External Cloud Asset(s),CLOUD,asset.cloud = External Cloud,,MISCONFIG,MISCONFIG,MISCONFIG,,,,,,,,,"Over eight million patients in India had their personal and medical details exposed after security researchers discovered multiple vulnerabilities in a government-run COVID-19 surveillance system.  The “Surveillance Platform Uttar Pradesh Covid-19” software was first discovered by vpnMentor researchers via a web scan on August 1 2020. After contacting CERT-In and the cybercrime department of the Uttar Pradesh government, the issues were finally remediated on September 10.  The research team foun",https://reclaimthenet.org/indian-covid-surveillance-app-has-massive-data-leaks/; https://www.hackread.com/india-covid-19-surveillance-tool-exposed-user-data/?utm_source=ReviveOldPost&utm_medium=social&utm_campaign=ReviveOldPost; https://www.infosecurity-magazine.com/news/millions-exposed-covid19/,,,,,,,,,,,,CLOUD,MISCONFIG
2fbec5a0-0e56-11eb-ad9a-2114263f926d,,1,2020,National Payments Corporation,52,1001 to 10000,IN,External Cloud Asset(s),CLOUD,asset.cloud = External Cloud,,MISCONFIG,MISCONFIG,MISCONFIG,,,,Weeks,4,28,,,cloud storage exposed to internet.,"http://www.digitaljournal.com/tech-and-science/technology/bhim-breach-exposes-millions-of-users/article/576474,https://www.androidcentral.com/bhim-data-breach-exposes-financial-details-7-million-indians",,,,,,,,,,,,CLOUD,MISCONFIG
315a6cb0-74be-11eb-a956-8766d2dd0181,,1,2020,Oracle Corporation,51,Over 100000,US,External Cloud Asset(s),CLOUD,asset.cloud = External Cloud,,MISCONFIG,MISCONFIG,MISCONFIG,,,,,,,,,"Billions of records belonging to a database maintained by cloud platform BlueKai were left exposed online due to a security lapse, according to a TechCrunch report.  BlueKai, a startup acquired by Oracle in 2014 maintains a large database acquired through web tracking. It is meant to map user trends online in order to help marketers target potential consumers, the report said.  BlueKai uses website cookies and other tracking technology to track user activity on the web. The data is meant to help",https://techcrunch.com/2020/06/19/oracle-bluekai-web-tracking/; https://www.thehindubusinessline.com/info-tech/billions-of-records-from-oracles-bluekai-exposed-online-due-to-security-lapse-report/article31877288.ece; https://thedigitalhacker.com/oracles-bluekai-exposed-billions-of-records-of-web-tracking-data/,,,,,,,,,,,,CLOUD,MISCONFIG
d1ea6cf0-a1b7-11ea-aa67-0b6b068266ad,,1,2020,Jio,51,10001 to 25000,IN,External Cloud Asset(s),CLOUD,asset.cloud = External Cloud,,MISCONFIG,MISCONFIG,MISCONFIG,,,,,,,,,"India’s largest cell network Jio, a subsidiary of Reliance, launched its coronavirus self-test symptom checker in late March, just before the Indian government imposed a strict nationwide lockdown to prevent the further spread of the coronavirus. The symptom checker allows anyone to check their symptoms from their phone or Jio’s website to see if they may have become infected with COVID-19.  But a security lapse exposed one of the symptom checker’s core databases to the internet without a passwo",https://techcrunch.com/2020/05/02/jio-coronavirus-security-lapse/ ;https://indianexpress.com/article/technology/tech-news-technology/reliance-jios-covid-19-symptom-checker-database-leaked-online-6391617/,,,,,,,,,,,,CLOUD,MISCONFIG
0eb22d90-8e87-11ec-a600-657ec2694f8f,,1,2020,Prestige software,54,1001 to 10000,ES,External Cloud Asset(s),CLOUD,asset.cloud = External Cloud,,MISCONFIG,MISCONFIG,MISCONFIG,,,,,,,,,Presitge Software accidently misconfigured their s3 buckets,https://www.techtimes.com/articles/253972/20201108/hotels-com-booking-expedia-fall-victim-latest-data-breach-exposing.htm,,,,,,,,,,,,CLOUD,MISCONFIG
a00223a0-156f-11eb-b788-65a639ed21e8,,1,2020,Natura,44,25001 to 50000,BR,External Cloud Asset(s),CLOUD,asset.cloud = External Cloud,,MISCONFIG,MISCONFIG,MISCONFIG,Hours,2,,Hours,2,,,,Internet exposed AWS databases,"https://thehackernews.com/2020/05/natura-data-breach.html,https://www.hackread.com/brazis-cosmetic-giant-natura-leaked-192m-records/,https://secalerts.co/article/192-million-records-compromised-in-cosmetic-giants-data-leak/aaffcaf9, https://tecnoblog.net/340039/natura-expoe-dados-pessoais-de-250-mil-clientes-em-servidores-desprotegidos/",,,,,,,,,,,,CLOUD,MISCONFIG
e48a2e70-22dd-11eb-b221-a300329fb9cf,,1,2020,Honda,44,Over 100000,JP,External Cloud Asset(s),CLOUD,asset.cloud = External Cloud,,MISCONFIG,MISCONFIG,MISCONFIG,Hours,2,,Days,3,,,,cloud exposed database,"https://www.infosecurity-magazine.com/news/honda-leak-hits-26000-north/,https://siliconangle.com/2019/12/18/honda-exposes-customer-data-unsecured-elasticsearch-database-second-time-year/,https://www.informationsecuritybuzz.com/expert-comments/leaky-honda-database-exposes-976m-records-expert-commentary/",,,,,,,,,,,,CLOUD,MISCONFIG
09fbea80-da77-11eb-bcc7-b7194a064c3e,,1,2021,CVS,44,Over 100000,US,External Cloud Asset(s),CLOUD,asset.cloud = External Cloud,,MISCONFIG,MISCONFIG,MISCONFIG,,,,,,,,,Over a Billion CVS Health records belonging to CVS were out for grabs on the Internet due to poor cloud security managemen,https://news.softpedia.com/news/over-a-billion-cvs-health-records-exposed-online-533264.shtml,,,,,,,,,,,,CLOUD,MISCONFIG
50244a90-35d3-11ec-be76-613d00a742ca,,1,2021,Gigabyte,33,1001 to 10000,TW,External Cloud Asset(s),CLOUD,asset.cloud = External Cloud,,OTHER,OTHER,,,,,,,,,,"According to Bleeping Computer, Gigabyte was the target of a ransomware attack last week and are currently being blackmailed with the exposure of 112GB of the stolen data.  The corporation announced that it shut down its IT infrastructure and that a small number of servers were impacted, but there are indications that the attack was more widespread. Multiple websites owned by the company were also affected by the incident, including its support site and elements of the company's Chinese website.",https://news.softpedia.com/news/gigabyte-suffers-data-breach-following-ransomware-attack-533713.shtml ; https://www.bleepingcomputer.com/news/security/computer-hardware-giant-gigabyte-hit-by-ransomexx-ransomware/; http://nunewsindustry.com/gigabyte-ransomware-attack-rasomexx-gang-stole-112gb-of-data/,,,,,,,,,,,,CLOUD,OTHER
6a0bbc60-8e73-11ec-a600-657ec2694f8f,,1,2021,Home Depot,44,Over 100000,US,External Cloud Asset(s),CLOUD,asset.cloud = External Cloud,,MISCONFIG,MISCONFIG,MISCONFIG,Days,3,10,Hours,2,,,,Office Depot Europe leaves an elasticsearch database open resulting in nearly a million records exposed,https://www.infosecurity-magazine.com/news/office-depot-configuration-error/,,,,,,,,,,,,CLOUD,MISCONFIG
349c1500-38d0-11ec-b42b-a7ad11fc87ee,,1,2021,Israeli Defense Force,92,Over 100000,IL,External Cloud Asset(s),CLOUD,asset.cloud = External Cloud,,CREDENTIAL,CREDENTIAL,CREDENTIAL,,,,,,,,,"A cybercriminal working for Iran attacked the computer of a former IDF chief of staff and gained access to his entire computer database, says Times of Israel.    Channel 10 identified the hacker as Yaser Balaghi. He reportedly bragged about the hack afterward, but also unknowingly left a trail of his identity. This oversight forced Iran to shut down the cyber operation that had targeted 1,800 people worldwide, including Israeli army generals, Persian Gulf human rights defenders, and academics.  ",https://news.softpedia.com/news/iran-said-to-hack-former-israeli-army-chief-of-staff-access-his-entire-computer-533222.shtml,,,,,,,,,,,,CLOUD,CREDENTIAL
244496f0-4893-11ec-be64-495e033b0bce,,1,2021,Wyoming Department of Health,92,1001 to 10000,US,External Cloud Asset(s),CLOUD,asset.cloud = External Cloud,,OTHER,OTHER,,,,,,,,,,"A data breach at the Wyoming Department of Health publicly exposed COVID-19, influenza and blood alcohol test data from more than a quarter of Wyomingites and some out of state residents, the department announced Tuesday.   The breach occurred when an employee erroneously uploaded files containing that data to the public code-hosting platform GitHub.  Data for more than 164,000 individuals was uploaded to the site, according to the health department.   More than 145,000 people affected are belie","https://www.powelltribune.com/stories/health-department-data-breach-exposed-info-of-164000-wyomingites,31132; https://www.infosecurity-magazine.com/news/data-breach-impacts-1-in-4/; https://county17.com/2021/04/28/wdh-data-breach-compromises-nearly-30-percent-of-wyomingites/; https://portswigger.net/daily-swig/covid-19-breath-alcohol-test-results-of-164-000-wyoming-residents-mistakenly-exposed-on-github",,,,,,,,,,,,CLOUD,OTHER
ca333a70-1720-11ec-8047-3b8ad7d3e0d0,,1,2021,Microsoft,54,Over 100000,US,External Cloud Asset(s),CLOUD,asset.cloud = External Cloud,,MISCONFIG,MISCONFIG,MISCONFIG,,,,,,,,,"Havoc creates amongst the users when the data breach was discovered via default permissions settings in Microsoft power apps, the data breach leads to an exposure of around 38 million users’ data. COVID-19 vaccination status, Social Security numbers, and email addresses are all likely to be exploited in the reported data breach.  The news was confirmed by Cyber security researchers. Researchers at UpGuard are aware of the data breach since May but they exposed this data breach publicly on Monday",https://thedigitalhacker.com/the-data-breach-at-microsoft-power-apps-compromises-the-personal-data-of-38-million-users/,,,,,,,,,,,,CLOUD,MISCONFIG
76d289c0-3bed-11ec-963f-f964320be408,,1,2021,United States Air Force,92,Over 100000,US,External Cloud Asset(s),CLOUD,asset.cloud = External Cloud,,OTHER,OTHER,,,,,,,,,,"U.S. Air Force airmen studying for service tests inadvertently leaked highly classified details about American nuclear weapons for the entire world to see, according to a new report. The airmen exposed the information—including which storage bunkers at European military bases likely held nuclear weapons, as well as secret signals to indicate duress—through sets of online flash cards.  The good news? Although the information could have theoretically helped someone stealing a nuke, built-in safety",https://www.popularmechanics.com/military/weapons/a36598369/air-force-personnel-exposed-nuclear-weapons-secrets-online/,,,,,,,,,,,,CLOUD,OTHER
f593edc0-3bfd-11ec-963f-f964320be408,,1,2021,Tegut,44,1001 to 10000,DE,External Cloud Asset(s),CLOUD,asset.cloud = External Cloud,,OTHER,OTHER,,,,,,,,,,"The German supermarket chain “tegut” was recently the target of a cyberattack (source in German) and on April 24 the company activated emergency procedures that shut down their entire central IT network and disconnected it from the internet. While done to limit the exposure of sensitive data, these measures also had side effects including gaps in their supply chain and other services that lasted for weeks. Despite these mitigation efforts, the attackers have already begun to publish company and ",https://securityboulevard.com/2021/06/data-breach-at-german-supermarket-chain-tegut/,,,,,,,,,,,,CLOUD,OTHER
aee052a0-1570-11ec-8375-f10617ad68c4,,1,2021,Federal Bureau of Investigation,92,25001 to 50000,US,External Cloud Asset(s),CLOUD,asset.cloud = External Cloud,,MISCONFIG,MISCONFIG,MISCONFIG,,,,Weeks,4,28,,,"In July this year, Security Discovery researcher Bob Diachenko came across a plethora of JSON records in an exposed Elasticsearch cluster that piqued his interest. The 1.9 million-strong recordset contained sensitive information on people, including their names, country citizenship, gender, date of birth, passport details, and no-fly status.  The exposed server was indexed by search engines Censys and ZoomEye, indicating Diachenko may not have been the only person to come across the list: Additi",https://www.bleepingcomputer.com/news/security/secret-terrorist-watchlist-with-2-million-records-exposed-online/,,,,,,,,,,,,CLOUD,MISCONFIG
ee0bef70-3ccb-11ec-b63a-33c287a8ec4a,,1,2021,Everis,54,25001 to 50000,ES,External Cloud Asset(s),CLOUD,asset.cloud = External Cloud,,OTHER,OTHER,,,,,,,,,,Everis an infrastructure provider was hacked and had one of it's client's (NATO) data stolen and held ransom by hackers,https://news.softpedia.com/news/nato-s-cloud-platform-has-been-hacked-533282.shtml,,,,,,,,,,,,CLOUD,OTHER
d3f376b0-72d9-11eb-a46e-831b23dc7360,,1,2019,Microsoft,51,Over 100000,US,On-Premise Asset(s),ONPREM,asset.cloud = On-Premise,,MISCONFIG,MISCONFIG,MISCONFIG,,,,Days,3,25,,,"Microsoft disclosed today a security breach that took place last month in December 2019.  In a blog post today, the OS maker said that an internal customer support database that was storing anonymized user analytics was accidentally exposed online without proper protections between Dec.r 5 and Dec. 31.  The database was spotted and reported to Microsoft by Bob Diachenko, a security researcher with Security Discovery.  The leaky customer support database consisted of a cluster of five Elasticsear",https://www.zdnet.com/article/microsoft-discloses-security-breach-of-customer-support-database/ ; https://www.forbes.com/sites/daveywinder/2020/01/22/microsoft-security-shocker-as-250-million-customer-records-exposed-online/#6d9d08894d1b  ;  ,,,,,,,,,,,,ONPREM,MISCONFIG
ca136300-06ef-11ea-8714-b997dc99273b,,1,2019,Sberbank,52,Over 100000,RU,On-Premise Asset(s),ONPREM,asset.cloud = On-Premise,,INSIDER,INSIDER,INSIDER,Months,5,60.88,Days,3,3,,,"Internal actor misused access to download database of 60M current and former CC numbers w/ PII, but not logins/passwords or CVV numbers","https://news.bitcoin.com/why-bitcoin-is-better-than-banks-major-credit-card-breach-exposes-60m-accounts/,https://tass.com/economy/1081626,https://www.pymnts.com/news/security-and-risk/2019/russias-sberbank-investigating-client-data-leak/,https://www.sberbank.ru/en/press_center/all/article?newsID=04885252-1561-44c0-8532-2c4f33cd729f&blockID=1539&regionID=77&lang=en&type=NEWS,https://www.techradar.com/news/russias-sberbank-hit-with-huge-data-leak",,,,,,,,,,,,ONPREM,INSIDER
d994b160-72c0-11eb-a46e-831b23dc7360,,1,2020,Simon Fraser University,61,1001 to 10000,CA,On-Premise Asset(s),ONPREM,asset.cloud = On-Premise,,CREDENTIAL,CREDENTIAL,CREDENTIAL,,,,Days,3,1,,,"A canadian college was the victim of a ransomware attack which also exposed staff and student data who joined the college before june 20, 2019.  faculty, staff, students, alumni, and retirees saying electronic data was exposed on Feb. 27 and informed people to change their passwords to SFU email and accounts. The breach impacted those who joined the university prior to June, 20, 2019.  “While it does not appear that any SFU Computing accounts have been compromised, changing your password now wil",https://www.citynews1130.com/2020/03/02/breach-of-privacy-affecting-personal-information-at-sfu/ ; https://bc.ctvnews.ca/personal-information-of-students-faculty-at-b-c-university-exposed-in-recent-data-breach-1.4835336  ; https://www.cbc.ca/news/canada/british-columbia/sfu-ransomware-attack-1.5732027,,,,,,,,,,,,ONPREM,CREDENTIAL
2bde5280-e7c7-11ea-8ff0-e3594c873b30,,1,2020,Lorien Health Services,62,1001 to 10000,US,On-Premise Asset(s),ONPREM,asset.cloud = On-Premise,,OTHER,OTHER,,Days,3,4,,,,,,Lorien Health Services in Maryland announced that it was the victim of a ransomware incident in early June. Data was stolen and then encrypted during the incident,https://www.bleepingcomputer.com/news/security/lorien-health-services-discloses-ransomware-attack-affecting-nearly-50-000/,,,,,,,,,,,,ONPREM,OTHER
5ae39280-1d0f-11ea-93dd-ad92e007263c,,1,2019,Washington University School of Medicine's ophthalmology and visual sciences department,61,25001 to 50000,US,Unknown,REVIEW,asset.cloud Unknown/NA - narrative available,Y,OTHER,OTHER,,Months,5,152.2,,,,,,"A limited number of patients within Washington University School of Medicine's ophthalmology and visual sciences department may have had their information viewed by an unauthorized person.  In September, officials at the St. Louis-based university learned that patients had received an unusual letter regarding an ophthalmology department employee. After an internal investigation, officials determined that an unauthorized individual had gained access to the employee's email account through his or ",https://www.beckershospitalreview.com/cybersecurity/washington-university-school-of-medicine-notifies-patients-of-data-breach.html,,,,,,,,,,,,REVIEW,OTHER
59dde750-aefb-11e9-b3f3-410dc98f333e,,1,2019,"Post Acute Medical, LLC",62,1001 to 10000,US,Unknown,REVIEW,asset.cloud Unknown/NA - narrative available,Y,THIRD_PARTY,THIRD_PARTY,THIRD_PARTY,,,,,,,,,"Houston mayoral candidate and prominent trial lawyer Tony Buzbee is serving as defense counsel in a federal court lawsuit in Pennsylvania, brought by a health care provider who says the owner and operator of its computerized records database illegally procured and retained its confidential patient data. Meanwhile, Buzbee's client counters that it is the party that is victim to theft.  Post Acute Medical, LLC of Enola filed suit in the U.S. District Court for the Middle District of Pennsylvania o",https://pennrecord.com/stories/512758478-software-firm-health-care-provider-accuse-each-other-of-theft-houston-mayoral-candidate-working-the-case,,,,,,,,,,,,REVIEW,THIRD_PARTY
78fccde0-cffd-11e9-b7c0-13a933b7e5d5,,1,2019,City of Saskatoon,92,1001 to 10000,CA,Unknown,REVIEW,asset.cloud Unknown/NA - narrative available,Y,OTHER,OTHER,,,,,,,,1040000,,"Saskatoon city manager Jeff Jorgensen has admitted that the city has lost $1.04 million to a fraudster posing as a construction company’s chief financial officer for weeks. An expert now believes that the money may have been sent overseas and it is possible the city will never see the over $1 million in taxpayer money again.  The City of Saskatoon has been affected by a fraud scheme, where a fraudster electronically impersonated the CFO of a construction company and asked for a change of banking",https://www.thepostmillennial.com/saskatoon-city-hall-loses-over-1-million-in-phishing-scam/; https://www.bleepingcomputer.com/news/security/scammer-tricks-city-into-1-million-wire-transfer/; ,,,,,,,,,,,,REVIEW,OTHER
61a2fb30-0ade-11ea-a7de-15b14f857e77,,1,2019,Beaumont Health,62,25001 to 50000,US,Unknown,REVIEW,asset.cloud Unknown/NA - narrative available,Y,INSIDER,INSIDER,INSIDER,,,,,,,,,employee accesses patient information stored by victim to embarrass her on social media.,https://www.wxyz.com/news/i-felt-so-betrayed-woman-sues-beaumont-after-medical-records-turn-up-on-social-media,,,,,,,,,,,,REVIEW,INSIDER
b47f80e0-0493-11ea-ad43-7952870528d4,,1,2019,AMC Network,51,1001 to 10000,US,Unknown,REVIEW,asset.cloud Unknown/NA - narrative available,Y,MISCONFIG,MISCONFIG,MISCONFIG,,,,,,,,,Someone at AMC Networks done left yet another open database,https://www.engadget.com/2019/05/03/amc-sundance-now-shudder-subscriber-exposed-database/,,,,,,,,,,,,REVIEW,MISCONFIG
7b33b410-ef57-11e9-8b51-736a93581b2e,,1,2019,Iranian Government,92,Large,IR,Unknown,REVIEW,asset.cloud Unknown/NA - narrative available,Y,OTHER,OTHER,,Days,3,,,,,,,US deletes Iranian revolutionary guard database.,https://arstechnica.com/tech-policy/2019/08/us-hack-attack-hobbles-irans-ability-to-target-oil-tankers-nyt-says/,,,,,,,,,,,,REVIEW,OTHER
c88fbc70-057f-11ea-a6b7-b9a04765ea4f,,1,2019,Freedom Healthcare,62,1001 to 10000,US,Unknown,REVIEW,asset.cloud Unknown/NA - narrative available,Y,THIRD_PARTY,MISCONFIG,THIRD_PARTY;MISCONFIG,Hours,2,,Hours,2,,,,Unauthenticated database with test data and some real data left discovered by cybersecurity researcher,https://www.databreaches.net/a-leak-report-quietly-disappears-leaving-questions-in-its-wake/,,,,,,,,,,,,REVIEW,THIRD_PARTY
5822eae0-ffce-11e9-81dd-7371e517d223,,1,2019,Avast,51,1001 to 10000,CZ,Unknown,REVIEW,asset.cloud Unknown/NA - narrative available,Y,CREDENTIAL,CREDENTIAL,CREDENTIAL,Months,5,121.76,,,,,,Avast finds that attacker compromises employee's VPN credentials,https://gdpr.report/news/2019/10/21/privacy-avast-discloses-security-breach-impacting-its-internal-network/,,,,,,,,,,,,REVIEW,CREDENTIAL
b897e480-de21-11e9-b511-f75921c18742,,1,2019,medicaresupplement.com,52,50001 to 100000,US,Unknown,REVIEW,asset.cloud Unknown/NA - narrative available,Y,MISCONFIG,MISCONFIG,MISCONFIG,,,,,,,,,"A MedicareSupplment.com MongoDB containing more than five million records was found open to the public containing a wide range of PII.  The records were found by the security firm Comparitech and researcher Bob Diachenko on May 13 containing first and last name, full address, IP address, email address, date of birth, gender and marketing-related information. Additionally, 239,000 of the records also contained the type or area of insurance the person was interested in life, auto, medical, and sup",https://www.scmagazine.com/home/security-news/data-breach/5-million-exposed-by-misconfigured-medicaresupplement-com-mongodb/ ;https://www.hipaajournal.com/5-million-records-exposed-due-to-unsecured-mongodb-marketing-database/ ; ,,,,,,,,,,,,REVIEW,MISCONFIG
7bde6b70-0a10-11ea-9e73-f15207d33dcb,,1,2019,Safaricom,51,1001 to 10000,KE,Unknown,REVIEW,asset.cloud Unknown/NA - narrative available,Y,INSIDER,INSIDER,INSIDER,,,,,,,,,Safaricom employees unlawfully copied and shared privileged subscriber data,https://www.nation.co.ke/news/Safaricom-staff-charged-with-Sh300m-fraud/1056-5151978-6ok5a3/index.html,,,,,,,,,,,,REVIEW,INSIDER
0d563260-1d0b-11ea-93dd-ad92e007263c,,1,2019,Magellan Health Systems,62,10001 to 25000,US,Unknown,REVIEW,asset.cloud Unknown/NA - narrative available,Y,OTHER,OTHER,,,,,,,,,,"A data breach at Magellan Health, Inc. has put the personal information of Florida Blue members at risk, the company announced Friday.  Florida Blue says “less than 1 percent” of its approximately 5 million members were affected.  The breach, which reportedly occurred on May 28, was traced back to an employee who handles the healthcare provider’s member data. Magellan believes the employee’s email was hacked in a phishing scam. In doing so, numerous personal identifiers including the members’ na",https://www.miamiherald.com/news/health-care/article237179858.html ;https://www.tennessean.com/story/news/health/2019/11/08/tenncare-hacked-private-info-44-000-members-magellan-health-services/2534103001/,,,,,,,,,,,,REVIEW,OTHER
695a0b20-1d1c-11ea-93dd-ad92e007263c,,1,2019,Kalispell Regional Healthcare,62,1001 to 10000,US,Unknown,REVIEW,asset.cloud Unknown/NA - narrative available,Y,OTHER,OTHER,,,,,,,,,,"Kalispell (Mont.) Regional Healthcare began notifying nearly 130,000 patients Oct. 23 that their information may have been exposed due to a phishing attack.  The health system discovered in June that several employees had provided their credentials to an unauthorized third party. Upon investigation, KRH determined that the hacker may have been able to access data from as early as May.  Patient data that may have been affected included names, addresses, medical record numbers, dates of birth, tel",https://www.beckershospitalreview.com/cybersecurity/montana-health-system-alerts-130-000-patients-of-data-breach.html ;https://www.abcfoxmontana.com/crime/data-of-kalispell-regional-patients-possibly-breached/article_f6e498e8-f52b-11e9-9104-1325b320b442.html,,,,,,,,,,,,REVIEW,OTHER
1bfcc1f0-d56a-11e9-8558-6543aabf247e,,1,2019,Librería Porrúa,51,Large,MX,Unknown,REVIEW,asset.cloud Unknown/NA - narrative available,Y,MISCONFIG,MISCONFIG,MISCONFIG,Months,5,,Days,3,3,,,breach 1: researcher found and disclosed public mongoDB database,https://nakedsecurity.sophos.com/2019/08/06/attackers-ransom-booksellers-exposed-mongodb-database/,,,,,,,,,,,,REVIEW,MISCONFIG
580d0030-de14-11e9-92e6-b7a271e742aa,,1,2019,Spotsylvania County Government,92,1001 to 10000,US,Unknown,REVIEW,asset.cloud Unknown/NA - narrative available,Y,OTHER,OTHER,,,,,,,,,,"The Virginia State Police were able to recover just over half of the $600,000 that was stolen from Spotsylvania County in a business email compromise scheme.  The state police, working with other in and out-of-state law enforcement agencies were able to track down deposits made in multiple banks, Fredricsburgh.com reported. The $347,000 recovered will be returned to the district this week and the investigation is continuing. No arrests have been made.  The incident took place two weeks ago when ",https://www.scmagazine.com/home/email-security/virginia-state-police-recoup-300k-stolen-in-bec-scam/,,,,,,,,,,,,REVIEW,OTHER
72a93f40-df21-11e9-9ff0-a5a30eaf0927,,1,2019,UNICEF,81,10001 to 25000,BE,Unknown,REVIEW,asset.cloud Unknown/NA - narrative available,Y,OTHER,OTHER,,Days,3,1,,,,,,"The United Nations children’s agency, UNICEF, has inadvertently leaked personal information belonging to thousands of users of its online learning portal Agora.  The website offers free training courses to UNICEF staff and members of the public on issues such as child rights, humanitarian action, research, and data.  On Aug. 26, an email containing personal details of 8,253 users enrolled in courses on immunization went out to nearly 20,000 Agora users. ",https://www.devex.com/news/unicef-data-leak-reveals-personal-info-of-8-000-online-learners-95558; https://www.informationsecuritybuzz.com/expert-comments/unicef-data-leak-reveals-personal-info-of-8000-online-learners/,,,,,,,,,,,,REVIEW,OTHER
992d1e40-0233-11ea-ad43-7952870528d4,,1,2019,Geisinger Health Plan,52,25001 to 50000,US,Unknown,REVIEW,asset.cloud Unknown/NA - narrative available,Y,CREDENTIAL,CREDENTIAL,CREDENTIAL,Months,5,60.88,,,,,,Partner is breached through email phishing resulting in patient information disclosure,"https://www.lewistownsentinel.com/news/local-news/2019/10/ghp-notifies-its-members-of-potential-vendor-email-breach/,https://www.dailyitem.com/news/security-breach-may-have-exposed-some-geisinger-health-plan-member/article_5b1be84e-f44f-11e9-b36a-9b7454042945.html",,,,,,,,,,,,REVIEW,CREDENTIAL
423fded0-25c1-11eb-a3b1-07c4769263ea,,1,2019,,51,1001 to 10000,CN,Unknown,REVIEW,asset.cloud Unknown/NA - narrative available,Y,CREDENTIAL,CREDENTIAL,CREDENTIAL,,,,,,,,,"According to PingWest, a Chinese technology publication, Sina Weibo, which most consider it the Chinese version of Twitter, had a data breach that caused 538 million records of its users to be exposed.  A platform user discovered on March 19 that 538 million Weibo users’ phone numbers were for sale on the dark web. The price for 172 million of these phone numbers was only 0.177 Bitcoin (BTC), which is about $1,150 at the moment. It seems the cyber-attackers gained access to information such as u",https://bitcoinexchangeguide.com/weibo-data-breach-has-538m-users-personal-information-up-for-sale-on-dark-web-for-btc/,,,,,,,,,,,,REVIEW,CREDENTIAL
c1a7f4b0-023a-11ea-ad43-7952870528d4,,1,2019,Nokia,51,Over 100000,RU,Unknown,REVIEW,asset.cloud Unknown/NA - narrative available,Y,THIRD_PARTY,THIRD_PARTY,THIRD_PARTY,,,,,,,,,Nokia Employee accidentally uploaded data to an rsync server that was publicly facing,https://www.gizmodo.co.uk/2019/09/exposed-files-leak-details-on-sorm-russias-pervasive-domestic-surveillance-system/,,,,,,,,,,,,REVIEW,THIRD_PARTY
6352dbb0-de08-11e9-92e6-b7a271e742aa,,1,2019,Michigan Medicine,62,25001 to 50000,US,Unknown,REVIEW,asset.cloud Unknown/NA - narrative available,Y,CREDENTIAL,CREDENTIAL,CREDENTIAL,,,,,,,,,"Around 5,500 patients of the Michigan Medicine are getting notified regarding the phishing email campaign, which might have exposed a few of their PHI (Protected Health Information).     In July 2019, employees of the Michigan Medicine were targeted in a huge scale phishing campaign. More than 3,200 employees of Michigan Medicine have received phishing emails having a malicious link, which when clicked directed to a webpage looking like legitimate site requesting the user's email account usernam",http://www.spamfighter.com/News-22389-Around-5500-patients-PHI-exposed-in-phishing-attack-on-the-Michigan-Medicine.htm,,,,,,,,,,,,REVIEW,CREDENTIAL
edbba120-fb21-11e9-ac31-5797fdf8a397,,1,2019,intuit,51,1001 to 10000,US,Unknown,REVIEW,asset.cloud Unknown/NA - narrative available,Y,CREDENTIAL,CREDENTIAL,CREDENTIAL,,,,,,,,,credential stuffing against tax webapp.,"https://ago.vermont.gov/wp-content/uploads/2019/02/2019-02-22-Intuit-Notice-of-Data-Breach-to-Consumers.pdf,https://www.darkreading.com/threat-intelligence/turbotax-hit-with-cyberattack-tax-returns-compromised/d/d-id/1333954",,,,,,,,,,,,REVIEW,CREDENTIAL
a1da1460-0e80-11ed-9a95-4bdaebaab721,,1,2019,S&P Dow Jones Indices,52,10001 to 25000,US,Unknown,REVIEW,asset.cloud Unknown/NA - narrative available,Y,INSIDER,INSIDER,INSIDER,,,,,,,,,An employee of S&P used their insider knowledge to create some insider trading,https://www.wsj.com/articles/two-n-y-men-accused-of-trading-on-inside-information-from-s-p-dow-jones-indices-11600734328,,,,,,,,,,,,REVIEW,INSIDER
fe3911d0-c8f0-11e9-9c16-3f32faecab86,,1,2019,Honda Motor Manufacturing,33,Over 100000,JP,Unknown,REVIEW,asset.cloud Unknown/NA - narrative available,Y,MISCONFIG,MISCONFIG,MISCONFIG,Months,5,91.32,Days,3,2,,,"On the eve of releasing its financial earnings for the past quarter, Honda created a situation described by one security researcher as “a hacker’s dream”. According to Verdict, 40GB of critical company data – amounting to 134m rows of system data – was stored on an unsecured Elasticsearch database.  This meant that anyone who knew where to look could have come across the company’s most sensitive data, not only including information about the company’s security systems and networks, but also tech",https://www.databreaches.net/honda-motor-company-leaks-database-with-134-million-rows-of-employee-computer-data/ ;https://rainbowtabl.es/2019/07/31/honda-motor-company-leak/ ;https://www.siliconrepublic.com/enterprise/honda-massive-data-breach,,,,,,,,,,,,REVIEW,MISCONFIG
1e420150-daec-11e9-aa50-b778a2874faa,,1,2019,Verizon,51,Over 100000,US,Unknown,REVIEW,asset.cloud Unknown/NA - narrative available,Y,CREDENTIAL,CREDENTIAL,CREDENTIAL,Hours,2,,Weeks,4,35,,,insecure direct object reference vulnerability in employee website exposed contract information when id number brute forced.,"https://www.securityweek.com/vulnerabilities-exposed-2-million-verizon-customer-contracts,https://daleys.space/writeup/0day/2019/09/09/verizon-leak.html",,,,,,,,,,,,REVIEW,CREDENTIAL
b38be3f0-cd2e-11e9-a052-6392f3b8c0e8,,1,2019,Toyota,33,Over 100000,JP,Unknown,REVIEW,asset.cloud Unknown/NA - narrative available,Y,OTHER,OTHER,,,,,,,,,,"Toyota has confirmed that as many as 3.1 million items of Toyota and Lexus customer data may have been breached following an attack on dealerships in Japan.  The company says that ""information that may have been leaked this time does not include information on credit cards,"" but customers are already on edge following the cyber-attack that hit Toyota Australia in February.   Notification about the breach was published in the company newsroom last week. The statement said that there was ""unauthor",https://www.zdnet.com/article/toyota-announces-second-security-breach-in-the-last-five-weeks/; https://www3.nhk.or.jp/nhkworld/en/news/20190329_38/; https://securitytoday.com/articles/2019/04/02/toyota-and-lexus-dealerships-hacked-millions-left-vulnerable.aspx?admgarea=ht.airport,,,,,,,,,,,,REVIEW,OTHER
36b0b280-b3ab-11e9-8244-abb132467e1d,,1,2019,theta360,51,1001 to 10000,JP,Unknown,REVIEW,asset.cloud Unknown/NA - narrative available,Y,MISCONFIG,MISCONFIG,MISCONFIG,Hours,2,1.0,Hours,2,1.0,,,researchers discovered explosed photo database,"https://www.vpnmentor.com/blog/report-theta360-leak/,https://cyware.com/news/theta360-leak-exposes-11-million-photos-user-data-2fedcb1a",,,,,,,,,,,,REVIEW,MISCONFIG
656b4d50-15e0-11ea-ba54-075d8b11bbd2,,1,2019,"SEVEN-ELEVEN JAPAN CO.,LTD.",44,1001 to 10000,JP,Unknown,REVIEW,asset.cloud Unknown/NA - narrative available,Y,UNPATCHED,UNPATCHED,UNPATCHED,Hours,2,1.0,Weeks,4,28,363852,,"https://www.mobileworldlive.com/money/news-money/security-breach-brings-down-shutters-on-7pay/,https://www.theverge.com/2019/7/6/20684386/7-eleven-japan-shut-mobile-payments-app-7pay-security-flaw-cybersecurity,https://www.databreaches.net/security-breach-brings-down-shutters-on-7pay/",,,,,,,,,,,,,REVIEW,UNPATCHED
de435710-e4a6-11e9-8cfd-bf57b38104b7,,1,2019,Nanaimo Regional General Hospital,62,Large,CA,Unknown,REVIEW,asset.cloud Unknown/NA - narrative available,Y,INSIDER,INSIDER,INSIDER,,,,,,,,," Island Health has fired an employee following a privacy breach of 102 people at Nanaimo Regional General Hospital.  The breach involved an employee who is ""no longer associated with Island Health,"" the authority said.  ""Our employees are well aware the snooping into the health records of family and friends, or anyone, is prohibited,"" the organization said. ""They receive information and training about privacy, their employee obligations when accessing confidential information and records, and th",https://www.timescolonist.com/news/local/privacy-breach-at-nanaimo-hospital-after-health-records-illicitly-accessed-1.23771604; https://vancouverisland.ctvnews.ca/island-health-confirms-privacy-breach-at-nanaimo-hospital-1.4354114,,,,,,,,,,,,REVIEW,INSIDER
b0c1eb30-0250-11eb-8781-bfb630cdf748,,1,2019,Geisinger,62,25001 to 50000,US,Unknown,REVIEW,asset.cloud Unknown/NA - narrative available,Y,INSIDER,INSIDER,INSIDER,Years,6,365.25,,,,,,Employee misuses access to patient data to look up patients not required or their job,https://www.timesleader.com/news/802549/802549,,,,,,,,,,,,REVIEW,INSIDER
0e72f460-1d08-11ea-b94e-893211cca703,,1,2019,National Nuclear Energy Generating Company of Ukraine,22,25001 to 50000,UA,NA,REVIEW,asset.cloud Unknown/NA - narrative available,Y,INSIDER,INSIDER,INSIDER,,,,,,,,,Ukrainian news media is reporting that last month an illegal cryptocurrency mining operation was discovered and confiscated on the site of a state-owned nuclear power plant in southern Ukraine. On July 10th Ukranian law enforcement and counterintelligence agencies discovered crypto mining equipment in a single office of the Yuzhnoukrainsk power plant run by the National Nuclear Energy Generating Company of Ukraine (known as Energoatom).   The Security Service of Ukraine (SBU) has arrested operat,https://safehaven.com/news/Breaking-News/Security-Breach-Reveals-Crypto-Mining-In-Ukrainian-Nuclear-Plant.html; https://www.unian.info/economics/10658847-sbu-busts-cryptocurrency-miners-at-ukrainian-power-plant.html,,,,,,,,,,,,REVIEW,INSIDER
52954480-e0b4-11e9-8cfd-bf57b38104b7,,1,2019,Tommy Hilfiger Japan,45,1001 to 10000,JP,Unknown,REVIEW,asset.cloud Unknown/NA - narrative available,Y,MISCONFIG,MISCONFIG,MISCONFIG,,,,,,,,,"Safety Detective has revealed a security breach in the Tommy Hilfiger Japan client database, exposing personal details of hundreds of thousands of customers.  Tommy Hilfiger’s Japanese website, which received nearly one million visits so far in 2019, runs on an open Elasticsearch server not intended for URL access. But with minimal manipulation, the research team of Safety Detective was able to find the gaping security oversight to the customer database.  The unsecured database provided easy acc",https://www.thepaypers.com/digital-identity-security-online-fraud/tommy-hilfiger-japan-breach-exposes-hundreds-of-thousands-of-customers-data/778603-26#,,,,,,,,,,,,REVIEW,MISCONFIG
566103b0-ffdb-11e9-ad81-39b9e5fce51c,,1,2019,King County,92,1001 to 10000,US,Unknown,REVIEW,asset.cloud Unknown/NA - narrative available,Y,THIRD_PARTY,INSIDER,THIRD_PARTY;INSIDER,,,,,,,,,King County gave ICE inappropriate access to prison data,"https://www.kiro7.com/news/local/community-demands-accountability-after-king-county-allowed-ice-agents-to-access-personal-data/969586451,https://www.kiro7.com/news/local/report-finds-king-county-provided-info-to-ice-agents-against-county-law/965394537",,,,,,,,,,,,REVIEW,THIRD_PARTY
4f463200-25ed-11ec-8021-93be7268887c,,1,2019, Kent County Council,92,1001 to 10000,GB,Unknown,REVIEW,asset.cloud Unknown/NA - narrative available,Y,OTHER,OTHER,,,,,,,,,,Adoption agency accidentally CC'd everyone instead of BCC,https://www.bbc.com/news/uk-england-kent-47390022,,,,,,,,,,,,REVIEW,OTHER
8482a830-1194-11ec-a044-77090c8577a4,,1,2019,Witchita State University,61,1001 to 10000,US,Unknown,REVIEW,asset.cloud Unknown/NA - narrative available,Y,OTHER,OTHER,,,,,,,,,,"Witchita University experienced unauthorized access to personal information of students, staff and faculty",https://thesunflower.com/49658/news/wsu-student-faculty-staff-information-potentially-compromised-in-december-data-breach/,,,,,,,,,,,,REVIEW,OTHER
5f0be4b0-d56c-11e9-8558-6543aabf247e,,1,2019,Librería Porrúa,51,Large,MX,Unknown,REVIEW,asset.cloud Unknown/NA - narrative available,Y,MISCONFIG,MISCONFIG,MISCONFIG,Hours,2,,Hours,2,1.0,,,Breach 2 for github ID.  Database deleted and randsomed,https://nakedsecurity.sophos.com/2019/08/06/attackers-ransom-booksellers-exposed-mongodb-database/,,,,,,,,,,,,REVIEW,MISCONFIG
a15200e0-c822-11e9-8a5a-abdcbb867af8,,1,2019,Capital One,52,25001 to 50000,US,Unknown,REVIEW,asset.cloud Unknown/NA - narrative available,Y,UNPATCHED,UNPATCHED,UNPATCHED,Months,5,91.32,,,,,,"A former software engineer named Paige A. Thompson hacked into Capital One's systems and accessed the information of more than 100 million credit-card applicants and customers, federal prosecutors said. An FBI agent said he tracked her down after she talked about it online.  A software engineer in Seattle was behind a Capital One data breach that affected more than 100 million credit-card applicants and customers in the US and Canada, prosecutors alleged in a criminal complaint on Monday.  Paige",https://www.cnn.com/2019/07/29/business/capital-one-data-breach/index.html; https://krebsonsecurity.com/2019/07/capital-one-data-theft-impacts-106m-people/; https://www.documentcloud.org/documents/6224689-Capital-One-breach-criminal-complaint.html; https://www.businessinsider.com/how-the-fbi-caught-paige-a-thompson-alleged-capital-one-hack-2019-7; https://news.bloomberglaw.com/class-action/capital-one-hit-with-first-class-action-over-security-breach; https://mobilesyrup.com/2019/08/14/capital-on,,,,,,,,,,,,REVIEW,UNPATCHED
aae96600-c8fb-11e9-9c8c-43e34f445f97,,1,2019,Desjardins Group,23,25001 to 50000,CA,Unknown,REVIEW,asset.cloud Unknown/NA - narrative available,Y,INSIDER,INSIDER,INSIDER,,,,,,,,,"More than 2.9 million Desjardins Group members have had their personal information compromised in a data breach targeting Canada’s biggest credit union.  The incident stems from “unauthorized and illegal use of internal data” by an employee who has since been fired, Desjardins said Thursday in a statement. Computer systems were not breached, the cooperative said.  Names, dates of birth, social insurance numbers, addresses and phone numbers of about 2.7 million individual members were released to",https://montrealgazette.com/business/desjardins-rogue-employee-caused-data-breach-for-2-9-million-members; https://www.cbc.ca/news/canada/montreal/desjardins-data-breach-1.5183297; https://www.databreaches.net/desjardins-hit-with-two-class-action-suits-after-security-breach/; https://www.pymnts.com/news/security-and-risk/2019/lender-desjardins-data-breach/; https://montrealgazette.com/news/local-news/hacked-desjardins-data-already-sold-to-criminals-report; https://www.cbc.ca/news/canada/montreal,,,,,,,,,,,,REVIEW,INSIDER
44324af0-2bf5-11ea-b50d-3fd6f00cf940,,1,2019,Australian Broadcasting Corporation,51,1001 to 10000,AU,NA,REVIEW,asset.cloud Unknown/NA - narrative available,Y,OTHER,OTHER,,,,,,,,,,"The ABC has been accused of violating women’s privacy and compromising their safety, after circulating a documentary which included the real names, faces and personal stories of rape and domestic violence victims, without the survivors’ knowledge or consent. ",https://www.news.com.au/national/unprofessional-unethical-unsafe-abc-breaches-rape-victims-privacy-in-new-tracey-spicer-documentary/news-story/584bcc2fc1bb28c534ff8d7a79e660f1; https://www.news.com.au/finance/business/media/sexual-assault-survivors-exposed-by-metoo-documentary-starring-tracey-spicer-speak/news-story/6262c9f2d81e90afb4259c908b154dda,,,,,,,,,,,,REVIEW,OTHER
5ec09cb0-b3b3-11e9-8244-abb132467e1d,,1,2019,UMass Memorial Community Healthlink,62,1001 to 10000,US,Unknown,REVIEW,asset.cloud Unknown/NA - narrative available,Y,CREDENTIAL,CREDENTIAL,CREDENTIAL,,,,,,,,,victim phished leading to compromise of email account and breach of medical data,"https://www.masslive.com/news/2019/06/umass-memorial-community-healthlink-in-worcester-reports-data-breach-hacker-gained-access-to-email-accounts.html,https://www.wbjournal.com/article/community-healthlink-reports-data-breach",,,,,,,,,,,,REVIEW,CREDENTIAL
cef4d060-9378-11e9-96b8-11c597846497,,1,2019,Valero,44,10001 to 25000,US,Unknown,REVIEW,asset.cloud Unknown/NA - narrative available,Y,PHYSICAL,PHYSICAL,PHYSICAL,,,,,,,,,Skimmer on gas pump.,https://abc13.com/6-credit-card-skimmers-found-at-north-loop-gas-station/5239397/,,,,,,,,,,,,REVIEW,PHYSICAL
86956d80-1d15-11ea-93dd-ad92e007263c,,1,2019,Telecare Corp,62,1001 to 10000,US,Unknown,REVIEW,asset.cloud Unknown/NA - narrative available,Y,OTHER,OTHER,,,,,,,,,,"During an attempt to divert funds owed to Telecare Corp. from payors into fraudulent bank accounts, cybercriminals may have exposed patient information, according to a notice posted on the company's website Oct. 4.  Telecare discovered in August that hackers were trying to divert payments to fraudulent accounts. Upon investigation, the company learned the unauthorized third parties had gained access to a limited amount of patient demographic and clinical information.  According to HHS' Office fo",https://www.beckershospitalreview.com/cybersecurity/hackers-try-to-divert-payments-to-telemedicine-company-into-fraudulent-bank-accounts.html,,,,,,,,,,,,REVIEW,OTHER
ee3b2830-c81a-11e9-8a5a-abdcbb867af8,,1,2019,EA Games,51,1001 to 10000,US,Unknown,REVIEW,asset.cloud Unknown/NA - narrative available,Y,OTHER,OTHER,,,,,,,,,,"Researchers from Check Point and CyberInt. recently found a vulnerable risk in EA Origin, a gaming server that hosts millions of players online. The discovery shows that up to 300 million gamers had their personally identifiable information (PII) exposed on popular games such as Madden, Battlefield, FIFA, NBA Live, and more. The security hazard enables hackers to exploit gaming accounts without compromising login credentials. Researchers reported that they were able to take control of an EA subd",https://securityboulevard.com/2019/07/bitglass-security-spotlight-ea-origin-leaves-the-data-of-300-million-accounts-exposed/; https://www.cnet.com/news/ea-origin-had-a-vulnerability-that-left-300-million-players-potentially-exposed/,,,,,,,,,,,,REVIEW,OTHER
c8da47e0-cd35-11e9-a052-6392f3b8c0e8,,1,2019,JustDial,51,10001 to 25000,IN,Unknown,REVIEW,asset.cloud Unknown/NA - narrative available,Y,MISCONFIG,MISCONFIG,MISCONFIG,,,,,,,,,"Justdial is a renowned Indian hyper-local search engine which recently became prone to two security breaches in the span of two weeks.  Only a few weeks ago, the database of all the customers of Justdial was laid bare on the dark web and now the reviewers’ data got on the line.  The company that has beyond 134 million QUA can’t afford to make such reckless mistakes.  April 18th saw the private data including names, addresses, email IDs etc. of over 100 million users which was stored in the searc",https://inc42.com/buzz/justdial-database-leak-reviewer-data/; https://thehackernews.com/2019/04/justdial-hacked-data-breach.html; http://www.ehackingnews.com/2019/05/justdial-smacked-by-subsequent-security.html; https://www.databreaches.net/over-100-million-justdial-users-personal-data-found-exposed-on-the-internet/,,,,,,,,,,,,REVIEW,MISCONFIG
8be71c50-099c-11ec-863c-8359987c65e0,,1,2019,University of Florida Health Shands,62,25001 to 50000,US,Unknown,REVIEW,asset.cloud Unknown/NA - narrative available,Y,INSIDER,INSIDER,INSIDER,Years,6,365.25,,,,,,"Data breach by former employee exposes 1,500+ in University of Florida Health Shands system",https://www.databreaches.net/university-of-florida-health-shands-notifies-patients-of-privacy-breach/,,,,,,,,,,,,REVIEW,INSIDER
9adb1a10-4167-11ec-b81c-33d442e55df8,,1,2019,Audio Visual Services Group,51,1001 to 10000,US,Unknown,REVIEW,asset.cloud Unknown/NA - narrative available,Y,CREDENTIAL,CREDENTIAL,CREDENTIAL,Months,5,91.32,Weeks,4,14,,,Audio Visual Services Group experienced a breach when someone accessed their email to attempt a BEC,https://oag.ca.gov/ecrime/databreach/reports/sb24-191812,,,,,,,,,,,,REVIEW,CREDENTIAL
32ad88d0-c359-11e9-9e37-df5a0636e02f,,1,2019,St. Louis Community College,61,1001 to 10000,US,Unknown,REVIEW,asset.cloud Unknown/NA - narrative available,Y,OTHER,OTHER,,,,,,,,,,employee emailed student information to other employees.,https://www.ksdk.com/article/news/local/stlccs-data-breach-has-students-concerned/63-e6904f06-47b2-4bb4-ade7-8fa8fdbf62d8,,,,,,,,,,,,REVIEW,OTHER
7e5bab70-d3e1-11e9-ab55-b7fffb94511d,,1,2019,Temple University,61,1001 to 10000,US,Unknown,REVIEW,asset.cloud Unknown/NA - narrative available,Y,OTHER,OTHER,,Weeks,4,21,,,,,,"Temple University website shared 160 students' private information.Passport numbers, phone numbers and dates of birth were accidentally published online by an employee in March",https://www.phillyvoice.com/temple-student-information-leaked-employee/,,,,,,,,,,,,REVIEW,OTHER
0d264360-72c4-11eb-a674-05cfd55ad89e,,1,2019,Delivery Hero,51,10001 to 25000,DE,Unknown,REVIEW,asset.cloud Unknown/NA - narrative available,Y,OTHER,OTHER,,,,,,,,,,Delivery Hero found it's database up for sale in one of them crime forums,https://www.infosecurity-magazine.com/news/foodora-data-breach/,,,,,,,,,,,,REVIEW,OTHER
ebbf14d0-0498-11ea-ad43-7952870528d4,,1,2019,K12 Inc,61,1001 to 10000,US,Unknown,REVIEW,asset.cloud Unknown/NA - narrative available,Y,MISCONFIG,MISCONFIG,MISCONFIG,,,,,,,,,K12 Inc left student data exposed through insecure mongodb ,https://thenotebook.org/articles/2019/08/22/cyber-operator-exposed-students-personal-data-part-of-a-growing-threat/,,,,,,,,,,,,REVIEW,MISCONFIG
17f01c60-0a52-11eb-a175-e162319ad19d,,1,2019,EVERSANA,32,1001 to 10000,US,Unknown,REVIEW,asset.cloud Unknown/NA - narrative available,Y,OTHER,OTHER,,,,,,,,,,Unknown activity (on legacy technology?) led to email compromise of PHI.,https://finance.yahoo.com/news/eversana-notification-data-privacy-incident-010000660.html,,,,,,,,,,,,REVIEW,OTHER
c58162d0-cd8b-11e9-b4e5-4769cce343a0,,1,2019,Providence Health,52,Over 100000,US,Unknown,REVIEW,asset.cloud Unknown/NA - narrative available,Y,OTHER,OTHER,,Years,6,,,,,,,"The personal information of as many as 122,000 customers of Providence Health Plan’s dental program in Oregon may have been compromised in a security breach at the program’s administrator, Virginia-based Dominion National.  The timing of the breach? Dominion doesn’t really know, but said it may have started up to nine years ago.",https://www.oregonlive.com/news/2019/08/122000-providence-health-plan-customers-may-be-affected-by-data-breach.html ; ,,,,,,,,,,,,REVIEW,OTHER
942cab40-de0c-11e9-92e6-b7a271e742aa,,1,2019,NCH Healthcare system,62,1001 to 10000,US,Unknown,REVIEW,asset.cloud Unknown/NA - narrative available,Y,CREDENTIAL,CREDENTIAL,CREDENTIAL,,,,,,,,,"he importance of security awareness training for healthcare employees has been highlighted by a recent phishing attack on Bonita Springs, FL-based NCH Healthcare System.  The attack was detected on June 14, 2019 when suspicious email activity was identified in relation to its payroll system. The investigation revealed a staggering 73 employees had responded to phishing emails and disclosed their account credentials to the scammers.",https://www.hipaajournal.com/73-email-accounts-compromised-in-major-phishing-attack-on-nch-healthcare-system/,,,,,,,,,,,,REVIEW,CREDENTIAL
8984dba0-ce4d-11e9-b4e5-4769cce343a0,,1,2019,Northern Territory Police,92,1001 to 10000,AU,Unknown,REVIEW,asset.cloud Unknown/NA - narrative available,Y,INSIDER,INSIDER,INSIDER,,,,,,,,,"Reece Kershaw, the Northern Territory's Police Commissioner and soon-to-be federal police chief, has admitted some of his officers inappropriately accessed the private medical records of a public servant.",https://www.abc.net.au/news/2019-08-08/nt-police-admit-breaching-public-servant-privacy/11392444,,,,,,,,,,,,REVIEW,INSIDER
d1ac8700-f0e6-11e9-84f1-e9d602503a96,,1,2019,Michael Garron Hospital,62,1001 to 10000,CA,Other,REVIEW,asset.cloud Unknown/NA - narrative available,Y,OTHER,OTHER,,,,,,,,,,"hospital infected by ransomware, likely through phishing.","https://toronto.ctvnews.ca/east-york-hospital-recovering-after-malware-attack-1.4624628,https://www.crowdstrike.com/blog/big-game-hunting-with-ryuk-another-lucrative-targeted-ransomware/",,,,,,,,,,,,REVIEW,OTHER
e23a8d10-e452-11e9-a93a-d3a3d34c5869,,1,2019,MobilexUSA,62,1001 to 10000,US,Unknown,REVIEW,asset.cloud Unknown/NA - narrative available,Y,MISCONFIG,MISCONFIG,MISCONFIG,Days,3,,Days,3,,,,ProPublica searched the internet for Picture Archiving and Communication System (PACS) servers speaking an old medical imaging sharing protocol (DICOM) and found lots of data.,"https://www.propublica.org/article/millions-of-americans-medical-images-and-data-are-available-on-the-internet,https://www.bleepingcomputer.com/news/security/400-million-medical-radiological-images-exposed-on-the-internet/,https://healthitsecurity.com/news/senator-demands-imaging-firm-share-cybersecurity-practices-after-breach",,,,,,,,,,,,REVIEW,MISCONFIG
18b5e040-ce57-11e9-b4e5-4769cce343a0,,1,2019,United States Air Force ,92,Over 100000,KR,Unknown,REVIEW,asset.cloud Unknown/NA - narrative available,Y,OTHER,OTHER,,,,,,,,,,"SEOUL, South Korea — American troops may have been among the victims of hackers who stole information from more than 1 million U.S. and South Korean credit cards and listed it for sale on the dark web over the past three months, the military said.  The thefts targeted unspecified business and financial entities in South Korea and included information on at least 38,000 U.S.-issued payment cards, according to an alert distributed by the Eighth Army via its Facebook page on Monday.  An unnamed cre",https://www.stripes.com/news/pacific/us-troops-may-be-victims-of-massive-credit-card-hack-in-south-korea-military-says-1.594954,,,,,,,,,,,,REVIEW,OTHER
d1cf9820-0a3c-11ea-9821-617d71ee6253,,1,2019,Valero ,42,10001 to 25000,US,NA,REVIEW,asset.cloud Unknown/NA - narrative available,Y,PHYSICAL,PHYSICAL,PHYSICAL,,,,,,,,,4 skimmers found on a Valero in San Antonio,https://www.mysanantonio.com/news/local/crime/article/16-card-skimmers-found-at-San-Antonio-gas-14416010.php#item-85307-tbla-5,,,,,,,,,,,,REVIEW,PHYSICAL
1e0dcb00-722c-11eb-a74a-79ed152e0098,,1,2019,Saint Francis Healthcare System,62,10001 to 25000,US,Unknown,REVIEW,asset.cloud Unknown/NA - narrative available,Y,OTHER,OTHER,,,,,,,,,,"Ferguson Medical Group, owned by Saint Francis Health, was infected with ransomware in September, which caused some data loss;",https://healthitsecurity.com/news/ferguson-medical-group-reports-data-loss-from-ransomware-attack,,,,,,,,,,,,REVIEW,OTHER
814ce820-35b0-11ec-be76-613d00a742ca,,1,2019,Singapore Police Department,92,1001 to 10000,SG,NA,REVIEW,asset.cloud Unknown/NA - narrative available,Y,INSIDER,INSIDER,INSIDER,,,,,,,,,"SINGAPORE — A police sergeant was charged on Thursday (2 September) for allegedly seeking a romantic relationship with a female individual, in exchange for helping her with her case.  Singaporean Sean Teo, 25, was handed a charge each under the Computer Misuse Act, Official Secrets Act and Prevention of Corruption Act.  These are for accessing data regarding to individuals arrested in the Singapore Police Force system without authority; for sending a photo he received from a police operation to ",https://news.yahoo.com/police-officer-charged-seeking-relationship-woman-exchange-help-case-035449776.html,,,,,,,,,,,,REVIEW,INSIDER
9ff4ce50-058d-11ea-a6b7-b9a04765ea4f,,1,2019,Malaysian Ministry of Health,92,Over 100000,MY,Unknown,REVIEW,asset.cloud Unknown/NA - narrative available,Y,OTHER,OTHER,,,,,,,,,,"In yet another data breach, more than 17,000 patients' personal data have been exposed on the government-linked National Neurology Registry (NNeuR) website due to a scripting error.",https://www.thestar.com.my/news/nation/2019/10/23/over-17000-patients039-personal-data-exposed-on-national-neurology-registry-website,,,,,,,,,,,,REVIEW,OTHER
6aa1ef50-7236-11eb-b847-53c7fcddcc7a,,1,2019,Airtel,51,10001 to 25000,IN,Unknown,REVIEW,asset.cloud Unknown/NA - narrative available,Y,OTHER,OTHER,,Days,3,,,,,,,"Worsening its woes, telecom major Bharti Airtel was hit with a major data breach after a security flaw in its mobile app exposed the details of more than 300 million users. Confirming the breach, Airtel said that it has fixed the security flaw associated with its app's API (application programming interface).   The security flaw apparently provided access to information such as user's name, emails, birthday, residential address, and the IMEI number of the device on which the app was installed. T",https://inc42.com/buzz/airtel-gets-rid-of-bug-granting-hackers-access-to-personal-information/; https://www.theweek.in/news/sci-tech/2019/12/07/airtel-data-breach-exposes-personal-details-of-300-million-users.html,,,,,,,,,,,,REVIEW,OTHER
9357c330-e45b-11e9-a93a-d3a3d34c5869,,1,2019,AMC Networks,51,1001 to 10000,US,Unknown,REVIEW,asset.cloud Unknown/NA - narrative available,Y,MISCONFIG,MISCONFIG,MISCONFIG,Weeks,4,,Days,3,,,,exposed databases.,https://www.engadget.com/2019/05/03/amc-sundance-now-shudder-subscriber-exposed-database/,,,,,,,,,,,,REVIEW,MISCONFIG
18d0bfd0-1d13-11eb-a925-afd7acbe9906,,1,2019,TAROM,48,1001 to 10000,RO,Unknown,REVIEW,asset.cloud Unknown/NA - narrative available,Y,INSIDER,INSIDER,INSIDER,,,,,,,,,TAROM airline employee gained access to passenger information and posted a picture of it to social media,https://www.paddleyourownkanoo.com/2019/12/05/romanias-tarom-airlines-fined-e20000-after-employee-leaks-passenger-details-online/,,,,,,,,,,,,REVIEW,INSIDER
0bc75e50-e0ad-11e9-8cfd-bf57b38104b7,,1,2019,Yves Rocher,54,10001 to 25000,FR,Unknown,REVIEW,asset.cloud Unknown/NA - narrative available,Y,THIRD_PARTY,MISCONFIG,THIRD_PARTY;MISCONFIG,,,,,,,,,"Security researchers with vpnMentor recently discovered that retail consultancy firm Aliznet was leaking the data of 2.5 million Canadian Yves Rocher customers via an unsecured Elasticsearch database. The exposed data includes names, phone numbers, email addresses, dates of birth and postcodes.  In addition, the researchers found six million customer orders on the leaky server. The orders mentioned a unique customer ID that made it possible to link them to clients in the database. The server als",https://www.oodaloop.com/briefs/2019/09/03/data-leak-hits-2-5-million-customers-of-cosmetics-giant-yves-rocher/; https://threatpost.com/data-leak-impacts-millions/147908/; https://www.informationsecuritybuzz.com/expert-comments/yves-rocher-third-party-data-breach-exposes-millions-of-customer-records/; https://www.vpnmentor.com/blog/report-aliznet-leak/,,,,,,,,,,,,REVIEW,THIRD_PARTY
45e6cf90-c81a-11e9-994f-43faafd7feda,,1,2019,choice hotels,72,1001 to 10000,US,Unknown,REVIEW,asset.cloud Unknown/NA - narrative available,Y,THIRD_PARTY,UNPATCHED,THIRD_PARTY;UNPATCHED;MISCONFIG,,,,Days,3,4,,,"700,000 records belonging to Choice Hotels have reportedly been stolen with hackers demanding payment for their return.   Comparitech, in collaboration with security researcher Bob Diachenko, found an unsecured database containing data belonging to the hotel franchise on July 2, 2019, after the database was indexed by the BinaryEdge search engine. ",https://www.databreachtoday.com/choice-hotels-700000-guest-records-exposed-a-12913 ; https://www.zdnet.com/article/700000-choice-hotels-records-leaked-in-data-breach/ ;https://www.msspalert.com/cybersecurity-news/choice-hotels-hacker-attack/,,,,,,,,,,,,REVIEW,THIRD_PARTY
5891e600-0584-11ea-a6b7-b9a04765ea4f,,1,2019,Texas Health Resources,62,10001 to 25000,US,Unknown,REVIEW,asset.cloud Unknown/NA - narrative available,Y,MISCONFIG,MISCONFIG,MISCONFIG,Months,5,60.88,Days,3,12,,,"Texas Health Resources recently filed 15 breach notifications, stemming from a misconfiguration error in its billing system that compromised the data of 82,577 patients.","https://www.texashealth.org/arlington/about-texas-health-arlington-memorial/a-message-to-our-patients,https://healthitsecurity.com/news/texas-health-resources-data-breach-impacts-82k-patients",,,,,,,,,,,,REVIEW,MISCONFIG
0dff3590-c8f6-11e9-b2db-f769187145bf,,1,2019,K12.com,51,1001 to 10000,US,Unknown,REVIEW,asset.cloud Unknown/NA - narrative available,Y,MISCONFIG,MISCONFIG,MISCONFIG,Days,3,2,Days,3,8,,,"  K12.com, an online education platform, inadvertently exposed the personal information of nearly seven million students, according to security researchers at Comparitech. The exposed database contained full names, email addresses, birthdates and gender identities, as well as the school that the students attend, authentication keys for accessing their accounts and other internal data. The information was available online for more than one week, and it's unclear if the database was at any point a",https://www.engadget.com/2019/07/10/k12-exposed-student-data/,,,,,,,,,,,,REVIEW,MISCONFIG
17446090-1d14-11ea-93dd-ad92e007263c,,1,2019,"Adobe, Inc.",54,10001 to 25000,US,Unknown,REVIEW,asset.cloud Unknown/NA - narrative available,Y,MISCONFIG,MISCONFIG,MISCONFIG,,,,,,,,,"Adobe Inc. exposed the data of 7.5 million of its creative-software customers, a person familiar with the matter said, in the latest example of a company leaving consumer information visible on the internet.  Adobe addressed the vulnerability the same day it was discovered, Oct. 19, said the person, who asked not to be identified discussing the breach. The San Jose, California-based software maker said it shut off public access to a database of customer email addresses last week, according to a ",https://www.bloomberg.com/news/articles/2019-10-25/adobe-exposed-data-of-more-than-7-million-software-users,,,,,,,,,,,,REVIEW,MISCONFIG
c59e4430-0d5f-11eb-835c-77358de149b1,,1,2019,EasyJet,48,10001 to 25000,GB,Unknown,REVIEW,asset.cloud Unknown/NA - narrative available,Y,OTHER,OTHER,,Months,5,121.76,Months,5,60.88,,,Easy Jet was hit with a sophisticated attack that resulted in a breach of 9million of it's users,https://www.forbes.com/sites/thomasbrewster/2020/05/19/easyjet-hacked-9-million-customers-and-2000-credit-cards-hit/#61295a081ae1,,,,,,,,,,,,REVIEW,OTHER
6e8216d0-72d2-11eb-a674-05cfd55ad89e,,1,2019,Lifelabs,62,1001 to 10000,CA,Unknown,REVIEW,asset.cloud Unknown/NA - narrative available,Y,OTHER,OTHER,,Weeks,4,,Days,3,,,,Lifelabs in Canada got compromised and data was exfiled on 15m customers,https://www.cbc.ca/news/canada/british-columbia/lifelabs-cyberattack-15-million-1.5399577,,,,,,,,,,,,REVIEW,OTHER
35e9efe0-237d-11eb-a2fc-cdee479fbead,,1,2019,Juniata College,61,1001 to 10000,US,NA,REVIEW,asset.cloud Unknown/NA - narrative available,Y,CREDENTIAL,CREDENTIAL,CREDENTIAL,,,,Weeks,4,42,,,Attackers access email and potentially access PII within,https://www.prnewswire.com/news-releases/juniata-college-provides-notice-of-data-incident-300978313.html,,,,,,,,,,,,REVIEW,CREDENTIAL
cccdaf20-a10d-11ea-878c-ff8a51fa1e8f,,1,2020,Small Business Administration,92,1001 to 10000,US,Unknown,REVIEW,asset.cloud Unknown/NA - narrative available,Y,MISCONFIG,MISCONFIG,MISCONFIG,,,,,,,,,"Small businesses across the U.S. have reported personal data leaks after applying for a disaster loan from the Small Business Administration. The SBA, whose website was plagued by maintenance shutdowns in late March, did not acknowledge the leaks until Saturday evening. The agency told CBS News it is currently operational — despite concerns from small business owners.  Eric Levinson opened The Hummingbird Inn, a pet-friendly Maryland bed-and-breakfast, in 2017. When the coronavirus pandemic hit ",https://www.cbsnews.com/news/business-owners-say-their-personal-data-is-being-leaked-on-federal-loan-site/; https://www.cnbc.com/2020/04/21/small-businesses-seeking-loans-may-have-had-personal-data-exposed.html; https://www.zdnet.com/article/bank-of-america-blames-ppp-applications-leak-on-faulty-sba-test-server/,,,,,,,,,,,,REVIEW,MISCONFIG
2c0d6430-2390-11eb-b77f-316b5c5dd5eb,,1,2020,Religare Health Insurance,52,Over 100000,IN,Unknown,REVIEW,asset.cloud Unknown/NA - narrative available,Y,OTHER,OTHER,,,,,,,,,,"Dark web sweepers Cyble has claimed that internal data of Gurugram-based Religare Health Insurance has lost 5 Mn records, which is now up for sale. The US-based cybersecurity firm has claimed that the hacked data includes details of Religare, its agents, several sensitive information of the company’s clients, including their names, phone numbers, email id, date of birth.  According to a blog post, published by Cyble, the leaked database also contains details about insurance policies like custome",https://inc42.com/buzz/major-data-breach-at-religare-health-insurance-cyble-warns-of-phishing/,,,,,,,,,,,,REVIEW,OTHER
c2c5d350-04ad-11eb-8c43-8ded27596b66,,1,2020,Lorien Health Services,62,1001 to 10000,US,Unknown,REVIEW,asset.cloud Unknown/NA - narrative available,Y,OTHER,OTHER,,,,,,,,,,Lorien Health Services in Maryland experienced a name and shame ransomware attack (Netwalker) ,https://www.bleepingcomputer.com/news/security/lorien-health-services-discloses-ransomware-attack-affecting-nearly-50-000/,,,,,,,,,,,,REVIEW,OTHER
9d9c8b60-4646-11ec-b26b-73b5a62f8946,,1,2020,Sistema Único de Saúde,92,Over 100000,BR,Unknown,REVIEW,asset.cloud Unknown/NA - narrative available,Y,MISCONFIG,MISCONFIG,MISCONFIG,,,,,,,,,The personal information of more than 243 million Brazilians was potentially accessible for at least six months thanks to weakly encoded credentials kept in the source code of the Brazilian Ministry of Health’s website,https://www.theverge.com/2020/12/3/22150973/brazilian-ministry-of-health-leak-medical-records-personal-information; https://www.zdnet.com/article/data-of-243-million-brazilians-exposed-online-via-website-source-code/; https://www.zdnet.com/article/experian-challenged-over-massive-data-leak-in-brazil/,,,,,,,,,,,,REVIEW,MISCONFIG
2c285ba0-0e5a-11eb-ad9a-2114263f926d,,1,2020,Istituto nazionale della previdenza sociale,92,25001 to 50000,IT,Unknown,REVIEW,asset.cloud Unknown/NA - narrative available,Y,OTHER,OTHER,,Minutes,1,,Hours,2,,,,overwhelmed website suffers degredation and information leakage (likely through cached profiles),https://portswigger.net/daily-swig/inps-hack-italys-social-security-website-back-online-following-cyber-attack-claims,,,,,,,,,,,,REVIEW,OTHER
ee72bac0-754d-11eb-a956-8766d2dd0181,,1,2020,VT San Antonio Aerospace,48,1001 to 10000,US,Unknown,REVIEW,asset.cloud Unknown/NA - narrative available,Y,OTHER,OTHER,,,,,,,,,,"VT San Antonio Aerospace Inc., which provides maintenance, repair and overhaul services to aircraft, was hit with a ransomware attack affecting its U.S. commercial operations.  A criminal group known as Maze “gained unauthorized access to our network and deployed a ransomware attack,” according to a Friday statement by Ed Onwe, vice president and general manager of the company, which is a subsidiary of the North American headquarters of Singapore’s ST Engineering Ltd.",https://www.bloomberg.com/news/articles/2020-06-05/vt-san-antonio-aerospace-hit-with-criminal-ransomware-attack; https://www.bleepingcomputer.com/news/security/us-aerospace-services-provider-breached-by-maze-ransomware/,,,,,,,,,,,,REVIEW,OTHER
19cc604b-9ec8-4afb-829d-e7e7ed2d4e97,,1,2020,Thai Beverage Public Company,31,10001 to 25000,TH,Unknown,REVIEW,asset.cloud Unknown/NA - narrative available,Y,OTHER,OTHER,,,,,,,,,,Thai beverage company hit by Maze randomware. Group posts data to encourage compliance with ransom demand.,https://itwire.com/security/maze-used-to-attack-on-big-thai-beverages-company.html,,,,,,,,,,,,REVIEW,OTHER
3c2b6f70-72c7-11eb-a674-05cfd55ad89e,,1,2020,South Yorkshire Police,92,1001 to 10000,GB,Unknown,REVIEW,asset.cloud Unknown/NA - narrative available,Y,MISCONFIG,MISCONFIG,MISCONFIG,,,,,,,,,UK Police left a system exposed that collected license plate information and bunch of other travelers data,https://www.dailymail.co.uk/news/article-8305991/Data-breach-left-millions-car-trips-exposed.html,,,,,,,,,,,,REVIEW,MISCONFIG
4f7d4040-0cc2-11ec-a2d0-f3cc343be99c,,1,2020,NSW Police,92,10001 to 25000,AU,Unknown,REVIEW,asset.cloud Unknown/NA - narrative available,Y,OTHER,OTHER,,,,,,,,,,NSW Police Leaked the Emails of Everyone Who Complained About BLM Protestors Being Pepper Sprayed ,https://www.gizmodo.com.au/2020/08/nsw-police-leaked-the-emails-of-everyone-who-complained-about-blm-protestors-being-pepper-sprayed/,,,,,,,,,,,,REVIEW,OTHER
386bbb50-a4e2-11ea-a769-1f53f53c0c37,,1,2020,Oakland County,92,1001 to 10000,US,Unknown,REVIEW,asset.cloud Unknown/NA - narrative available,Y,OTHER,OTHER,,Hours,2,0.5,Minutes,1,,,,Oakland county officials accidentally leaked internal COVID-19 tracking data,https://www.clickondetroit.com/news/local/2020/04/16/map-containing-internal-oakland-county-covid-19-data-mistakenly-leaked/,,,,,,,,,,,,REVIEW,OTHER
3c9545a0-07db-11eb-9be5-67f56bbd8cb4,,1,2020,Decathlon ,45,50001 to 100000,ES,Unknown,REVIEW,asset.cloud Unknown/NA - narrative available,Y,MISCONFIG,MISCONFIG,MISCONFIG,,,,Days,3,1,,,"Decathlon misconfigured database resulting in leaking 123 million records, which includes personal data",https://www.infosecurity-magazine.com/news/sports-giant-decathlon-leaks-123/,,,,,,,,,,,,REVIEW,MISCONFIG
b9150560-de73-11eb-92f2-17e9027f1a94,,1,2020,Planned Parenthood of Metropolitan Washington DC,62,1001 to 10000,US,Unknown,REVIEW,asset.cloud Unknown/NA - narrative available,Y,OTHER,OTHER,,Weeks,4,7,Weeks,4,42,,,"Planned Parenthood of Metropolitan Washington, D.C., on Friday revealed it had a breach of patient and donor information last fall.  In a notice posted to its website, the organization revealed that it found “unusual” activity on its networks on Sept. 3. At that time, it began securing its systems, started an investigation and notified law enforcement.  “Nothing is more important to us than our patients’ privacy,” the notice said. “We have extensive security measures in place, and we continuousl",https://www.washingtonpost.com/dc-md-va/2021/04/16/data-breach-planned-parenthood-dc/ ; https://www.plannedparenthood.org/planned-parenthood-metropolitan-washington-dc/who-we-are/reports-financials/notice-our-patients-regarding-cyber-incident,,,,,,,,,,,,REVIEW,OTHER
0faac9b0-6c95-11eb-aa83-f564cd4131c9,,1,2020,Activision,51,1001 to 10000,US,Unknown,REVIEW,asset.cloud Unknown/NA - narrative available,Y,CREDENTIAL,CREDENTIAL,CREDENTIAL,,,,,,,,,Activision credential stuffed resulting in 500k user data at risk,https://www.computerweekly.com/news/252489430/Activision-shoots-down-data-breach-claims,,,,,,,,,,,,REVIEW,CREDENTIAL
4f3dfbe0-72c8-11eb-a46e-831b23dc7360,,1,2020,,52,25001 to 50000,ZA,Unknown,REVIEW,asset.cloud Unknown/NA - narrative available,Y,OTHER,OTHER,,,,,,,,,,"A company that sends out SMSes and emails on Nedbank’s behalf may have been hit by a data breach. The “data security incident” may have released the names, ID numbers, telephone numbers, physical and/or email addresses of 1.7 million Nedbank clients.  In a statement on Thursday morning, Nedbank said that there was a “data incident” at the direct marketing company Computer Facilities, which sends emails and cellphone messages on its behalf.  “No Nedbank systems or client bank accounts have been c",https://www.businessinsider.co.za/nedbank-security-2020-2,,,,,,,,,,,,REVIEW,OTHER
cd8d7dc0-74a5-11eb-a956-8766d2dd0181,,1,2020,Twitter,51,1001 to 10000,US,Unknown,REVIEW,asset.cloud Unknown/NA - narrative available,Y,CREDENTIAL,CREDENTIAL,CREDENTIAL,,,,,,,,,"The Twitter accounts of several high-profile users, many of which were “verified” on the social network, have been hacked, with malicious actors posting messages that encouraged followers to send money to a certain Bitcoin address.  The affected Twitter accounts include Bill Gates, Elon Musk, Coinbase, Coindesk, Jeff Bezos, Joe Bezos, Uber, and others.  “Everyone is asking me to give back, and now is the time. I am doubling all payments sent to my BTC address for the next 30 minutes. You send $1",https://news.softpedia.com/news/bill-gates-elon-musk-apple-twitter-accounts-hacked-530548.shtml; https://www.washingtonpost.com/technology/2020/07/15/musk-gates-twitter-hack/; https://krebsonsecurity.com/2020/07/whos-behind-wednesdays-epic-twitter-hack/; https://www.bigcountryhomepage.com/news/tech-news/twitter-says-attackers-successfully-targeted-some-of-our-employees-to-gain-internal-tools/; https://www.windowscentral.com/twitter-says-130-accounts-targeted-45-compromised-security-breach; https,,,,,,,,,,,,REVIEW,CREDENTIAL
40e8c310-38cd-11ec-b42b-a7ad11fc87ee,,1,2020,San Juan Medical Center,62,1001 to 10000,US,Unknown,REVIEW,asset.cloud Unknown/NA - narrative available,Y,OTHER,OTHER,,,,,,,,,,FARMINGTON — A Farmington hospital has reported a data breach to its network in Fall 2020 that impacted more than 500 patients whose personal information was taken.  The hospital said in a statement there is no evidence of any personal information being misused from the data breach.  San Juan Regional Medical Center sent out letters dated June 4 to patients stating a “recent data security incident” may have involved their personal information.  San Juan County COVID-19 vaccine tracker:45% of peo,https://www.daily-times.com/story/news/local/farmington/2021/06/20/san-juan-regional-medical-center-reports-data-breach-network-hundrends-patients-affected/7744970002/ ; https://www.daily-times.com/story/news/local/farmington/2021/06/20/san-juan-regional-medical-center-reports-data-breach-network-hundrends-patients-affected/7744970002/,,,,,,,,,,,,REVIEW,OTHER
69de55e0-f1fd-11ea-9eb3-fb45745214a6,,1,2020,"Isetan Mitsukoshi Co., Ltd",45,10001 to 25000,JP,Unknown,REVIEW,asset.cloud Unknown/NA - narrative available,Y,OTHER,OTHER,,,,,,,,,,"Isetan Mitsukoshi Co., Ltd and MI Card Co., Ltd announced, on 5 August 2020, that they had suffered a data breach affecting approximately 19,000 customers as a result of unauthorised access. In particular, MI Card noted that the data breach occurred on the Isetan Mitsukoshi Online Store as well as MI Card’s homepage. In addition, MI Card highlighted that personal information such as name, address, phone number, email address, and date of birth of customers of the Mitsukoshi online store were acc",https://www.dataguidance.com/news/japan-mitsukoshi-and-mi-card-announce-data-breach-affecting-approximately-19000-customers ;https://www.databreaches.net/japan-mitsukoshi-and-mi-card-announce-data-breach-affecting-approximately-19000-customers/,,,,,,,,,,,,REVIEW,OTHER
da684490-723d-11eb-b847-53c7fcddcc7a,,1,2020,Estee Lauder,32,25001 to 50000,US,Unknown,REVIEW,asset.cloud Unknown/NA - narrative available,Y,MISCONFIG,MISCONFIG,MISCONFIG,,,,,,,,,"A non-password protected cloud database containing hundreds of millions of customer records and internal logs for cosmetic giant Estée Lauder has been found exposed online, according to researchers.  In all, 440,336,852 individual data pieces were exposed, according to researcher Jeremiah Fowler at Security Discovery. Many of the records importantly contained plaintext email addresses (including internal email addresses from the @estee.com domain). There were also reams of logs for content manag",https://threatpost.com/estee-lauder-440m-records-email-network-info/152789/; https://www.forbes.com/sites/daveywinder/2020/02/11/estee-lauder-data-leak-440-million-records-exposed/#15111f152590,,,,,,,,,,,,REVIEW,MISCONFIG
0cb7fc70-238c-11eb-b77f-316b5c5dd5eb,,1,2020,Adif,23,10001 to 25000,ES,Unknown,REVIEW,asset.cloud Unknown/NA - narrative available,Y,OTHER,OTHER,,,,,,,,,,"Cyber criminals have used the Windows REvil ransomware to attack Adif, an infrastructure company owned by the Spanish Government, and have published data which was stolen from its dark Web site.  The attackers have apparently hit the organisation twice before, and threatened a third attack as soon as the data was published.  ""We advise you to get in touch immediately. We have personal information including correspondence, contracts and other accounting (total 800 gigabytes of data),"" they said i",https://www.itwire.com/security/windows-revil-ransomware-used-to-attack-spanish-govt-firm.html ; https://www.railjournal.com/technology/adif-hit-by-cyberattack/,,,,,,,,,,,,REVIEW,OTHER
3b198a70-a0f6-11ea-878c-ff8a51fa1e8f,,1,2020,Ohio Department of Job and Family Services,92,1001 to 10000,US,Unknown,REVIEW,asset.cloud Unknown/NA - narrative available,Y,MISCONFIG,MISCONFIG,MISCONFIG,,,,,,,,,"Personal data of individuals who applied to Ohio’s Pandemic Unemployment Assistance (PUA) program was exposed in a data breach on May 15, causing information of at least two dozen applicants to be seen by other claimants in the program, according to a letter shared by the Ohio Department of Job and Family Services.  Deloitte Consulting, the company contracted with ODJFS to assist the state in administering the program, told applicants in a letter that personal information such as their names, So",https://www.news5cleveland.com/news/continuing-coverage/coronavirus/local-coronavirus-news/personal-information-of-applicants-in-ohios-pandemic-unemployment-assistance-program-exposed-in-data-breach,,,,,,,,,,,,REVIEW,MISCONFIG
10861410-f2bb-11ea-8781-7798bdcc4349,,1,2020,Religare Health Insurance,52,1001 to 10000,IN,Unknown,REVIEW,asset.cloud Unknown/NA - narrative available,Y,OTHER,OTHER,,,,,,,,,,"Dark web sweepers Cyble has claimed that internal data of Gurugram-based Religare Health Insurance has lost 5 Mn records, which is now up for sale. The US-based cybersecurity firm has claimed that the hacked data includes details of Religare, its agents, several sensitive information of the company’s clients, including their names, phone numbers, email id, date of birth.  According to a blog post, published by Cyble, the leaked database also contains details about insurance policies like custome",https://inc42.com/buzz/major-data-breach-at-religare-health-insurance-cyble-warns-of-phishing/,,,,,,,,,,,,REVIEW,OTHER
b6251f40-9f8e-11ea-bb5f-9176852f1f89,,1,2020,Colorado Department of Labor and Employment,92,Large,US,Unknown,REVIEW,asset.cloud Unknown/NA - narrative available,Y,THIRD_PARTY,MISCONFIG,THIRD_PARTY;MISCONFIG,,,,,,,,,"All 72,000 people signed up for pandemic unemployment assistance in Colorado are eligible for a year of free credit monitoring after a system error gave six people approved for benefits access to everyone else’s private information.",https://www.reporterherald.com/2020/05/19/colorado-pandemic-unemployment-assistance-informatoin-exposed-coroanvirus-covid/,,,,,,,,,,,,REVIEW,THIRD_PARTY
7b1e5a00-2437-11eb-af35-ed9bb3f10d5f,,1,2020,Genworth Financial,52,1001 to 10000,US,Unknown,REVIEW,asset.cloud Unknown/NA - narrative available,Y,CREDENTIAL,CREDENTIAL,CREDENTIAL,,,,,,,,,"Genworth Financial,” the American insurance firm with total assets that surpass a hundred million USD and revenues that go beyond $8.6 billion, has announced a catastrophic data breach on its systems. The company realized the security event on April 20, 2020, when they detected unauthorized access onto its systems. Reportedly, hackers were using compromised insurance agent accounts to access the corporate network and tap into data such as documents containing personal and financial information o",https://www.bleepingcomputer.com/news/security/fortune-500-insurance-firm-genworth-discloses-data-breach/ ; https://www.technadu.com/genworth-financial-announces-noxious-data-breach/104607/,,,,,,,,,,,,REVIEW,CREDENTIAL
8a605e40-4642-11ec-b26b-73b5a62f8946,,1,2020,Centers for Advanced Orthopaedics,62,1001 to 10000,US,Unknown,REVIEW,asset.cloud Unknown/NA - narrative available,Y,OTHER,OTHER,,,,,,,,,,"On September 17, 2020, CAO identified unusual activity in its email environment. After discovering the unusual activity, CAO immediately launched an investigation, with the assistance of cybersecurity experts, into the nature and scope of the incident. As part of this investigation, CAO determined that multiple employee email accounts were subject to unauthorized access between October 2019 and September 2020, and that certain emails therein were accessible to the responsible cybercriminal as a ",https://www.cfaortho.com/docs/120863433_2_Website%20Substitute%20Notice-C1.pdf; https://ryortho.com/breaking/maryland-ortho-practice-data-breach-exposes-over-125000-people/;  https://ocrportal.hhs.gov/ocr/breach/breach_report.jsf,,,,,,,,,,,,REVIEW,OTHER
5449b810-72d5-11eb-b847-53c7fcddcc7a,,1,2020,Comcast,51,Over 100000,US,Unknown,REVIEW,asset.cloud Unknown/NA - narrative available,Y,OTHER,OTHER,,,,,,,,,,"Nearly 200,000 Xfinity customers nationwide who pay for their phone numbers to remain unlisted or unpublished had their contact information mistakenly posted online last fall, the company confirmed Wednesday.",https://www.denverpost.com/2020/03/05/comcast-xfinity-customer-privacy-release/,,,,,,,,,,,,REVIEW,OTHER
36d29450-d9aa-11eb-96ea-fd8a03dbb673,,1,2020,Beaumont Hospital,62,25001 to 50000,US,Unknown,REVIEW,asset.cloud Unknown/NA - narrative available,Y,CREDENTIAL,CREDENTIAL,CREDENTIAL,Months,5,182.64,,,,,,Beaumont Hospital staff had email accounts access by unauthorized third party resulting in a breach notification for 6k people,https://www.detroitnews.com/story/business/2020/07/28/beaumont-hospital-announces-security-breach-accounts/5530757002/,,,,,,,,,,,,REVIEW,CREDENTIAL
f47b5580-04b4-11eb-8c43-8ded27596b66,,1,2020,Unacademy,61,1001 to 10000,IN,Unknown,REVIEW,asset.cloud Unknown/NA - narrative available,Y,OTHER,OTHER,,,,,,,,,,Online Indian university Unacademy experienced a databreach with the 22m user records being sold on the darkweb,https://cisomag.eccouncil.org/unacademy-data-breach/,,,,,,,,,,,,REVIEW,OTHER
28513b80-a0f7-11ea-878c-ff8a51fa1e8f,,1,2020,Illinois Department of Employment Security,92,1001 to 10000,US,NA,REVIEW,asset.cloud Unknown/NA - narrative available,Y,MISCONFIG,MISCONFIG,MISCONFIG,,,,,,,,,"The Illinois Department of Employment Security (IDES) has acknowledged a security lapse that exposed the private information of independent contractors and the self-employed.  IDES blamed the security incident on a ""glitch"" in a new system rolled out to process the claims of citizens in the state of Illinois who need to file for unemployment benefits.  Names, Social Security numbers, and other data points -- including phone numbers and addresses -- related to unemployment claims were leaked thro",https://www.zdnet.com/article/illinois-blames-glitch-for-exposure-of-applicant-social-security-numbers-private-data/,,,,,,,,,,,,REVIEW,MISCONFIG
5f9d6a90-1795-11eb-a388-210bf038e9e5,,1,2020,7-Eleven,44,50001 to 100000,UM,NA,REVIEW,asset.cloud Unknown/NA - narrative available,Y,PHYSICAL,PHYSICAL,PHYSICAL,,,,,,,,,Two men wanted for placing various skimmers on 711 gas pumps,http://news9.com/story/5e345f443196993fcfd05fc0/2-men-wanted-for-credit-card-skimming-activity-at-okc-gas-pumps,,,,,,,,,,,,REVIEW,PHYSICAL
22d1a2d0-2397-11eb-a2fc-cdee479fbead,,1,2020,Tokopedia,45,1001 to 10000,ID,Unknown,REVIEW,asset.cloud Unknown/NA - narrative available,Y,OTHER,OTHER,,Weeks,4,42,,,,,,Hackers steal online store user database and try and sell it.,"https://www.zdnet.com/article/hacker-leaks-15-million-records-from-tokopedia-indonesias-largest-online-store/,https://en.tempo.co/read/1338058/tokopedia-confirms-attempted-data-theft",,,,,,,,,,,,REVIEW,OTHER
00392c50-0bf6-11ec-9c8a-d72b813bc8ca,,1,2020,Equinix,51,10001 to 25000,US,Unknown,REVIEW,asset.cloud Unknown/NA - narrative available,Y,OTHER,OTHER,,,,,,,,,,Netwalker carried out the ransomware attack against data center colocation giant Equinix and demanded a $4.5 million ransom to prevent the release of stolen data,https://www.crn.com/news/security/equinix-ransomware-attack-hits-company-s-internal-systems,,,,,,,,,,,,REVIEW,OTHER
b110d310-e7b8-11ea-8ff0-e3594c873b30,,1,2020,KreditPlus,52,10001 to 25000,ID,Unknown,REVIEW,asset.cloud Unknown/NA - narrative available,Y,OTHER,OTHER,,,,,,,,,,KreditPlus is an Indonesian brand providing digital finance service. It was established by PT. Finansia Multi Finance in 2014.  KreditPlus suffered from a huge data breach that exposed over 900k records and the database is now available on different hacking forums,https://thepaged.com/kreditplus-data-breach-exposed-900k-users-data/,,,,,,,,,,,,REVIEW,OTHER
ae1b6a50-a1bb-11ea-aa67-0b6b068266ad,,1,2020,ExecuPharm,32,1001 to 10000,US,Unknown,REVIEW,asset.cloud Unknown/NA - narrative available,Y,OTHER,OTHER,,,,,,,,,,"A successful ransomware attack was deployed on March 13 against ExecuPharm, a subsidiary of the U.S. Biopharmaceutical giant Parexel, according to a recent announcement made by the company.  Unlike typical ransomware attacks, where bad actors encrypt data and demand payment in exchange for the decryption keys, the perps have also started leaking confidential information found on ExecuPharm’s network. Discovered to be the handiwork of the CLOP ransomware group, the attack was initiated through ph",https://securityboulevard.com/2020/04/cybercriminals-leak-execupharm-internal-documents-after-ransomware-attack/,,,,,,,,,,,,REVIEW,OTHER
b5e17810-9372-11ec-a39a-3584eb2df2ab,,1,2020,SolarWinds,51,1001 to 10000,US,Unknown,REVIEW,asset.cloud Unknown/NA - narrative available,Y,UNPATCHED,UNPATCHED,UNPATCHED,,,,,,,,,"SolarWinds disclosed on Sunday that a nation-state hacker group breached its network and inserted malware in updates for Orion, a software application for IT inventory management and monitoring.  The trojanized Orion update allowed attackers to deploy additional and highly stealthy malware on the networks of SolarWinds customers. But while initial news reports on Sunday suggested that all of SolarWinds' customers were impacted, in SEC documents filed today, SolarWinds said that of its 300,000 to",https://www.nytimes.com/2020/12/08/technology/fireeye-hacked-russians.html;  https://www.marketwatch.com/story/fireeye-stock-drops-as-cybersecurity-company-reveals-it-was-hacked-11607462414;  https://www.fireeye.com/blog/products-and-services/2020/12/fireeye-shares-details-of-recent-cyber-attack-actions-to-protect-community.html;  https://www.securityweek.com/solarwinds-says-18000-customers-may-have-used-compromised-product;  https://www.theregister.com/2021/01/19/fireeye_solarwinds_code/;  http,,,,,,,,,,,,REVIEW,UNPATCHED
8eb10b30-a4fd-11ea-9a08-d99599f4dafe,,1,2020,Kerala State Health Department,92,1001 to 10000,IN,Unknown,REVIEW,asset.cloud Unknown/NA - narrative available,Y,OTHER,OTHER,,,,,,,,,,"Kerala, one of the worst-hit states in India’s COVID-19 crisis, reported five positive cases from Aythala in Ranni-Pazhavangady panchayat. The database of all the active patients, and those who came in direct contact with them, was maintained on the district administrator’s office computers. The data included information on other people coming into the district from abroad and those kept in self-quarantine, their recent travel history, residential addresses and contact details, etc. District Col",https://www.cisomag.com/hackers-attack-database-of-indias-covid-19-patients-and-potential-suspects/,,,,,,,,,,,,REVIEW,OTHER
64579670-a506-11ea-a892-dbe5c33247b8,,1,2020,Alberta Health Services,62,Over 100000,CA,Unknown,REVIEW,asset.cloud Unknown/NA - narrative available,Y,OTHER,OTHER,,,,,,,,,,"An Edmonton woman who filed a complaint about the size of a Good Friday service says she feels her privacy was violated when an Alberta Health Services inspector disclosed her identity to that church.  In an email obtained by Postmedia, the inspector warned a church in the Alberta Avenue neighbourhood it would be shut down if inspectors found more than 15 people on the premises Easter Sunday, in light of COVID-19 restrictions on gatherings. The woman who made the complaint, whom Postmedia is not",https://edmontonjournal.com/news/local-news/edmonton-health-inspector-violated-church-good-friday/,,,,,,,,,,,,REVIEW,OTHER
6f2f9bf0-e962-11eb-9aea-07892f56ef76,,1,2020,Barnes and Noble,45,10001 to 25000,US,Unknown,REVIEW,asset.cloud Unknown/NA - narrative available,Y,OTHER,OTHER,,,,,,,,,,Barnes and Noble was potentially compromised by Ergegor ransomware,https://www.zdnet.com/article/barnes-noble-confirms-cyberattack-customer-data-breach/,,,,,,,,,,,,REVIEW,OTHER
d193ecb0-a1b0-11ea-aa67-0b6b068266ad,,1,2020,Palm Beach County School District,61,10001 to 25000,US,Unknown,REVIEW,asset.cloud Unknown/NA - narrative available,Y,CREDENTIAL,CREDENTIAL,CREDENTIAL,,,,,,,,,"BOCA RATON, FL (BocaNewsNow.com) — The Palm Beach County School District is in the midst of a massive computer security crisis that draws into question the authenticity of every assignment completed by every student since “distance learning” began, after BocaNewsNow.com learned that an elementary school student hacked the school district’s password system.  Exclusive We are not revealing the password convention that is used in the school district, but the second grader’s — you are reading that c",https://bocanewsnow.com/2020/05/12/coronavirus-massive-palm-beach-county-school-district-student-password-breach/,,,,,,,,,,,,REVIEW,CREDENTIAL
f3fa2580-72bb-11eb-a674-05cfd55ad89e,,1,2020,Virgin Media,51,10001 to 25000,GB,Unknown,REVIEW,asset.cloud Unknown/NA - narrative available,Y,MISCONFIG,MISCONFIG,MISCONFIG,,,,,,,,,"Virgin media left a database unprotected and exposed the data of 900,000 users",https://www.zdnet.com/article/virgin-media-exposes-data-of-900000-users-via-unprotected-marketing-database/,,,,,,,,,,,,REVIEW,MISCONFIG
8f722150-a118-11ea-878c-ff8a51fa1e8f,,1,2020,Magellan Health,62,10001 to 25000,US,NA,REVIEW,asset.cloud Unknown/NA - narrative available,Y,OTHER,OTHER,,,,,,,,,,"Ransomware name and shame on healthcare company during pandemic.  Magellan Health is warning customers that an April 11 ransomware attack may have affected their personal information.  A Mandiant investigation determined an “unauthorized actor gained access to Magellan’s systems after sending a phishing email on April 6” impersonating one of the company’s clients, the company said in a notice from Magellan Senior Vice President and Chief Compliance Officer John J. DiBernardi. Before launching ra",https://www.foxbusiness.com/technology/hacker-hits-magellan-health-with-ransomware-attack; https://www.infosecurity-magazine.com/news/us-health-giant-hooked-with/; https://www.scmagazine.com/home/security-news/magellan-health-warns-ransomware-attack-exposed-pii/,,,,,,,,,,,,REVIEW,OTHER
ba434dc0-22da-11eb-b221-a300329fb9cf,,1,2020,Indiana University,61,10001 to 25000,US,Unknown,REVIEW,asset.cloud Unknown/NA - narrative available,Y,MISCONFIG,MISCONFIG,MISCONFIG,,,,,,,,,Software made available to allow students to calculate their GPA unintentionally gave all students access to all other students' grades.,https://indianapublicmedia.org/news/iu-student-gpas-accidentally-made-available-to-all-university-students.php,,,,,,,,,,,,REVIEW,MISCONFIG
ebb53ce0-f6bc-11eb-9352-c36534d585e1,,1,2020,Northwestern Memorial,62,1001 to 10000,US,Unknown,REVIEW,asset.cloud Unknown/NA - narrative available,Y,INSIDER,INSIDER,INSIDER,Months,5,60.88,,,,,,At Northwestern Memorial a temp employee was inappropriately accessing patient data for two months,https://chicago.cbslocal.com/2020/12/31/data-breach-at-northwestern-memorial-hospital-says-no-evidence-of-fraud/,,,,,,,,,,,,REVIEW,INSIDER
d7d2d670-0d91-11eb-8a4c-a57973eceafd,,1,2020,Natura & Co,44,25001 to 50000,BR,Unknown,REVIEW,asset.cloud Unknown/NA - narrative available,Y,MISCONFIG,MISCONFIG,MISCONFIG,Hours,2,,Hours,2,,,,unsecure elastic search dtabase,"https://www.darkreading.com/application-security/avon-server-leaks-user-info-and-administrative-data/d/d-id/1338468,https://www.scmagazine.com/website-web-server-security/did-avon-attackers-exploit-an-unprotected-web-server-as-a-path-of-least-resistance/,https://securityboulevard.com/2020/07/avon-cosmetics-leaks-7gb-of-personal-and-technical-information-from-unsecured-server/",,,,,,,,,,,,REVIEW,MISCONFIG
41cf5b40-8e7c-11ec-ab9f-33907697f3a6,,1,2020,Louisiana State University,61,1001 to 10000,US,Unknown,REVIEW,asset.cloud Unknown/NA - narrative available,Y,OTHER,OTHER,,Months,5,91.32,,,,,,"In 2013, billing services for Moss Memorial were provided by Louisiana State University, Health Care Services Division (“LSU HCSD”).  As a result, LSU HCSD has in its files certain information related to the care of Moss Memorial patients.  On December 10, 2020, LSU HCSD notified Lake Charles Memorial that a cyber intruder had accessed LSU HCSD’s e-mail system.  The intruder accessed a mailbox that contained approximately 185,000 LSU HCSD e‑mails.  One of those e-mails included a spreadsheet att",https://www.kplctv.com/2021/01/29/possible-breach-info-moss-memorial/; https://www.wdsu.com/article/another-medical-facility-added-to-lsu-health-care-services-division-hippa-breach/35365466,,,,,,,,,,,,REVIEW,OTHER
493ee1d0-94fc-11ec-a39a-3584eb2df2ab,,1,2020,Blackbaud,51,1001 to 10000,US,Unknown,REVIEW,asset.cloud Unknown/NA - narrative available,Y,OTHER,OTHER,,,,,,,,,,"Blackbaud, one of the world’s largest providers of financial and fundraising technology to nonprofits, was hacked and paid a ransom to have the hijacked data destroyed by the cybercriminals.  Officials learned of the intrusion in May and called in law enforcement and independent forensics experts to work with Blackbaud’s own security team, a Blackbaud spokesperson said. The teams were able to prevent the blocking of system access for users and the fully encrypting of files.  Blackbaud officials ",https://www.zdnet.com/article/cloud-provider-stopped-ransomware-attack-but-had-to-pay-ransom-demand-anyway/;  https://www.computing.co.uk/news/4021003/blackbaud-ransomware-hackers-access-unencrypted-banking-login-credentials;  https://www.thenonprofittimes.com/npt_articles/breaking-blackbaud-hacked-ransom-paid/;  https://oag.ca.gov/system/files/Oakwood%20-%20California%20Notification.pdf;  https://www.wabi.tv/2020/08/19/husson-university-latest-to-announce-data-breach/;  https://scvnews.com/coc-,,,,,,,,,,,,REVIEW,OTHER
7d05f300-04ac-11eb-8c43-8ded27596b66,,1,2020,Children's Hospital of Colorado,62,1001 to 10000,US,Unknown,REVIEW,asset.cloud Unknown/NA - narrative available,Y,CREDENTIAL,CREDENTIAL,CREDENTIAL,Days,3,71,,,,,,Children's Hospital of Colorado had someone hack one of their emails through phishing disclosing 2553 records,https://www.beckershospitalreview.com/cybersecurity/2-553-patients-affected-in-email-hack-at-children-s-hospital-colorado.html,,,,,,,,,,,,REVIEW,CREDENTIAL
fc8fef30-251e-11eb-af35-ed9bb3f10d5f,,1,2020,Hawaii Pacific Health,62,1001 to 10000,US,NA,REVIEW,asset.cloud Unknown/NA - narrative available,Y,INSIDER,INSIDER,INSIDER,,,,,,,,,"Honolulu-based Hawaii Pacific Health has fired an employee after discovering the employee had inappropriately accessed patient medical records.  The employee worked at Straub Medical Center. The health system found that the employee had wrongfully accessed patient records between November 2014 and January 2020. According to HHS’ Office for Civil Rights data breach portal, 3,772 patients may have been affected.  Hawaii Pacific Health does not believe the former employee was accessing the informat",https://www.beckershospitalreview.com/cybersecurity/hawaii-health-system-fires-employee-after-wrongfully-viewing-patient-records.html ;https://www.hipaajournal.com/hawaii-pacific-health-discovers-5-year-insider-data-breach/,,,,,,,,,,,,REVIEW,INSIDER
257e6940-a0f3-11ea-878c-ff8a51fa1e8f,,1,2020,Bank of America Corp. ,52,Over 100000,US,NA,REVIEW,asset.cloud Unknown/NA - narrative available,Y,OTHER,OTHER,,,,,,,,,,"Bank of America Corp. (NYSE: BAC) has revealed a possible data breach on business clients' information for the Paycheck Protection Program.  The breach occurred on April 22, as BofA uploaded PPP applications onto the U.S. Small Business Administration's test platform, according to a filing with the California Attorney General's Office. The limited-access platform allowed lenders to test PPP submissions before the second round began.  Charlotte-based BofA said application information may have bee",https://www.bizjournals.com/charlotte/news/2020/05/26/bank-of-america-discloses-ppp-data-breach.html,,,,,,,,,,,,REVIEW,OTHER
7df0e000-a1d7-11ea-aa67-0b6b068266ad,,1,2020,the Karnataka health department  ,92,25001 to 50000,IN,Unknown,REVIEW,asset.cloud Unknown/NA - narrative available,Y,OTHER,OTHER,,,,,,,,,,"In a major breach of privacy, the Karnataka health department released personal details of all those quarantined in the state in the wake of COVID-19 virus to the media, complete with names, mobile numbers, temporary and permanent addresses. These ...  Read more at: https://www.deccanherald.com/national/privacy-of-suspected-covid-19-patients-breached-810992.html",https://www.deccanherald.com/national/privacy-of-suspected-covid-19-patients-breached-810992.html,,,,,,,,,,,,REVIEW,OTHER
ffe1f970-72c7-11eb-a674-05cfd55ad89e,,1,2020,Unacademy,61,1001 to 10000,IN,Unknown,REVIEW,asset.cloud Unknown/NA - narrative available,Y,OTHER,OTHER,,,,,,,,,,Unacademy user database dumped on hacker forum,https://www.livemint.com/technology/tech-news/over-20-mn-unacademy-user-accounts-exposed-in-data-breach-report-11588775083410.html,,,,,,,,,,,,REVIEW,OTHER
820a17b0-4645-11ec-b26b-73b5a62f8946,,1,2020,Comcast,51,Over 100000,US,Unknown,REVIEW,asset.cloud Unknown/NA - narrative available,Y,MISCONFIG,MISCONFIG,MISCONFIG,,,,,,,,,Researchers discover exposed Comcast database containing 1.5 billion records,https://www.securitymagazine.com/articles/94550-researchers-discover-exposed-comcast-database-containing-15-billion-records,,,,,,,,,,,,REVIEW,MISCONFIG
07bbefc0-0fe4-11ec-8c66-bd734728b5ba,,1,2020,Randstad,56,25001 to 50000,NL,Unknown,REVIEW,asset.cloud Unknown/NA - narrative available,Y,OTHER,OTHER,,,,,,,,,,"Global human resources giant Randstad has taken a hit from cyber criminals using the Windows Egregor ransomware, with the company saying it is trying what data the attackers have stolen and placed on their site on the dark web.",https://www.itwire.com/security/top-global-hr-firm-randstad-stung-by-windows-ransomware.html,,,,,,,,,,,,REVIEW,OTHER
5bf780a0-f6b2-11ea-b6fa-6deaa5aa80b0,,1,2020,Experian,56,10001 to 25000,ZA,NA,REVIEW,asset.cloud Unknown/NA - narrative available,Y,OTHER,OTHER,,,,,,,,,,Experian South African branch was social engineered into sending off client data,https://www.zdnet.com/article/experian-south-africa-discloses-data-breach-impacting-24-million-customers/,,,,,,,,,,,,REVIEW,OTHER
5fa13100-9f79-11ea-bb5f-9176852f1f89,,1,2020, Serco,54,25001 to 50000,GB,Unknown,REVIEW,asset.cloud Unknown/NA - narrative available,Y,OTHER,OTHER,,,,,,,,,,"Serco accidentally shares contact tracers' email addresses.  The outsourcing company Serco accidentally shared the email addresses of almost 300 contact tracers recruited to assist in the UK government’s coronavirus “test, track and trace” strategy.  The email addresses were shared when Serco was contacting new recruits about training.“An email was sent to new recruits who had given us their permission to use their personal email addresses,” a spokesperson for the company said. “In error, email ",https://www.theguardian.com/business/2020/may/20/serco-accidentally-shares-contact-tracers-email-addresses-covid-19,,,,,,,,,,,,REVIEW,OTHER
3d7c9cb0-2398-11eb-b77f-316b5c5dd5eb,,1,2020,NHS Lanarkshire,92,10001 to 25000,GB,Unknown,REVIEW,asset.cloud Unknown/NA - narrative available,Y,OTHER,OTHER,,,,,,,,,,"NHS Lanarkshire have apologised after more than 400 incidents of data breach were recorded since March.  Hundreds of patients had their COVID-19 data breached in Lanarkshire, a statistic the Conservative party called “worrying”.  There were 414 data breaches between March 12 and May 25, but the health board have moved to assure the public these occurred among NHS staff.  READ MORE Lifeline East Kilbride playgroup saved from the axe by community football team Gabe Docherty, director of public hea",https://www.dailyrecord.co.uk/news/local-news/nhs-lanarkshire-apologise-over-hundreds-22316349,,,,,,,,,,,,REVIEW,OTHER
e5a18d70-2383-11eb-b77f-316b5c5dd5eb,,1,2020,FHN (Family Healthcare Network),62,1001 to 10000,US,Unknown,REVIEW,asset.cloud Unknown/NA - narrative available,Y,OTHER,OTHER,,,,,,,,,,"A limited number of FHN employees’ email accounts may have been accessed by an unauthorized person. FHN said on April 20, 2020, that their investigation found a privacy incident that happened with some of their employees. Now, FHN notified their patients whose information may have been involved in that incident.  FHN announced on July 31 that they sent emails to the patients related to the data breach. During the preliminary investigation, it was not confirmed which information may have been con",https://chicagomorningstar.com/fhn-sends-mails-to-patients-regards-a-recent-privacy-breach-incident ; https://www.infosecurity-magazine.com/news/data-breach-at-illinois-healthcare/,,,,,,,,,,,,REVIEW,OTHER
91032590-72e2-11eb-a674-05cfd55ad89e,,1,2020,Marriott,72,Over 100000,US,Unknown,REVIEW,asset.cloud Unknown/NA - narrative available,Y,CREDENTIAL,CREDENTIAL,CREDENTIAL,Weeks,4,21,,,,,,Hackers used two employees stolen credentials to access customer information from the app's backend,https://www.zdnet.com/article/marriott-discloses-new-data-breach-impacting-5-2-million-hotel-guests/,,,,,,,,,,,,REVIEW,CREDENTIAL
a78379f0-2823-11eb-8365-4f57e2156a07,,1,2020,Air India,48,1001 to 10000,IN,NA,REVIEW,asset.cloud Unknown/NA - narrative available,Y,INSIDER,INSIDER,INSIDER,,,,,,,,,Air India crew members were fired for taking a picture of Air India One,https://simpleflying.com/air-india-presidential-boeing-777-leak/,,,,,,,,,,,,REVIEW,INSIDER
b8918980-d42b-11eb-a192-c5509024cd4a,,1,2020,Singapore department of health,92,1001 to 10000,SG,Unknown,REVIEW,asset.cloud Unknown/NA - narrative available,Y,INSIDER,INSIDER,INSIDER,,,,,,,,,Singapore government employee leaks covid numbers before they're officially published,https://ca.finance.yahoo.com/news/female-public-servant-another-woman-charged-over-covid-data-leak-142130184.html,,,,,,,,,,,,REVIEW,INSIDER
a64fc920-0744-11ec-863c-8359987c65e0,,1,2020,CivicSmart,81,1001 to 10000,US,Unknown,REVIEW,asset.cloud Unknown/NA - narrative available,Y,OTHER,OTHER,,,,,,,,,,A company that sells “smart” parking meters and technology used by parking-enforcement agencies in cities around the world was recently the victim of a ransomware attack that also exposed some of its internal files on a website maintained by the hackers responsible,https://www.databreaches.net/smart-parking-meter-vendor-had-data-stolen-in-ransomware-attack/,,,,,,,,,,,,REVIEW,OTHER
a2b41b90-25df-11ec-8021-93be7268887c,,1,2020,Elara Caring,62,25001 to 50000,US,Unknown,REVIEW,asset.cloud Unknown/NA - narrative available,Y,CREDENTIAL,CREDENTIAL,CREDENTIAL,Hours,2,,Days,3,5,,,"PHI of More Than 100,000 Elara Caring Patients Potentially Compromised in Phishing Attack",https://portswigger.net/daily-swig/data-breach-at-healthcare-provider-elara-caring-exposes-100-000-patients-information,,,,,,,,,,,,REVIEW,CREDENTIAL
5efbb140-2457-11eb-af35-ed9bb3f10d5f,,1,2020,Holland America Cruise Lines,48,1001 to 10000,CA,Unknown,REVIEW,asset.cloud Unknown/NA - narrative available,Y,OTHER,OTHER,,,,,,,,,,"After enduring a cruise with a COVID-19 outbreak and four deaths, the 247 Canadian passengers who were aboard the Holland America Line ship, the MS Zaandam, face a new problem: a privacy breach by the federal government.  […] In a detailed email Global Affairs Canada sent Canadian passengers during the Easter holiday weekend, it explained that, “due to an administrative error,” it had mistakenly sent them an email on April 1 with an attachment containing personal information on each passenger — ",https://www.databreaches.net/canadian-passengers-from-virus-stricken-zaandam-cruise-ship-hit-by-federal-govt-privacy-breach/,,,,,,,,,,,,REVIEW,OTHER
39d1a810-8e97-11ec-ab9f-33907697f3a6,,1,2020,Dental Care Alliance,62,1001 to 10000,US,Unknown,REVIEW,asset.cloud Unknown/NA - narrative available,Y,OTHER,OTHER,,Months,5,60.88,,,,,,"An American healthcare provider has started notifying more than a million patients that their data may have been exposed as the result of a cyber-attack.  Dental Care Alliance discovered on October 11 that it had been the victim of a hack that began on September 18, 2020. The company, which is headquartered in Sarasota, Florida, was able to contain the attack by October 13.  Patient data that may have been accessed in the security incident included names, addresses, dental diagnosis and treatmen",https://www.infosecurity-magazine.com/news/1m-us-dental-patients-impacted-by/; https://www.govinfosecurity.com/vendor-to-dental-practices-hacked-1-million-affected-a-15566; ,,,,,,,,,,,,REVIEW,OTHER
72c72260-120d-11eb-a3ae-53136ea5d4e6,,1,2020,Service NSW,92,1001 to 10000,AU,Unknown,REVIEW,asset.cloud Unknown/NA - narrative available,Y,CREDENTIAL,CREDENTIAL,CREDENTIAL,Months,5,,,,,,,"A trove of data relating to 186,000 customers of an Australian state government agency has been stolen in an attack that targeted employee email accounts.",https://siliconangle.com/2020/09/07/186000-customer-records-stolen-australian-state-government-phishing-attack/,,,,,,,,,,,,REVIEW,CREDENTIAL
8a6c0790-237a-11eb-a2fc-cdee479fbead,,1,2020,Nintendo,33,1001 to 10000,JP,Unknown,REVIEW,asset.cloud Unknown/NA - narrative available,Y,CREDENTIAL,CREDENTIAL,CREDENTIAL,Hours,2,,Days,3,,,,credential stuffing attack against nintendo network ID system,"https://hypebae.com/2020/4/nintendo-account-network-id-nnid-hacked-security-breach-fortnite-v-bucks-user-privacy-confidentiality-switch-gaming,https://arstechnica.com/gaming/2020/04/nintendo-accounts-are-getting-hijacked-including-one-of-ours/,https://www.databreaches.net/nintendo-confirms-some-160000-accounts-mightve-been-hacked/,https://www.popularmechanics.com/science/a32402358/nintendo-source-code-leak/,https://hotforsecurity.bitdefender.com/blog/nintendo-confirms-additional-140000-accounts-",,,,,,,,,,,,REVIEW,CREDENTIAL
020b29c0-72c2-11eb-a674-05cfd55ad89e,,1,2020,Tokopedia,45,1001 to 10000,ID,Unknown,REVIEW,asset.cloud Unknown/NA - narrative available,Y,OTHER,OTHER,,,,,,,,,,Tokopedia had their database stolen and sold on criminal forums which contained like 91m users account information,https://en.antaranews.com/news/151854/tokopedia-notifies-authorities-of-third-party-over-data-breach,,,,,,,,,,,,REVIEW,OTHER
4ac2cc20-2378-11eb-b77f-316b5c5dd5eb,,1,2020,University of Ottawa,61,1001 to 10000,CA,Unknown,REVIEW,asset.cloud Unknown/NA - narrative available,Y,OTHER,OTHER,,,,,,,,,," Sept.9, students in CSI 4139, Design of Secure Systems, joined their class using YouTube live streams only to see their private information leaked on YouTube.  The professor was seemingly unaware that he was publicly broadcasting the names, email addresses, year of study, and programs of each student.  This live stream was publicly recorded and available for the general public to view.  When asked for a statement regarding the matter, Professor Mohamed Ali Ibrahim did not respond to The Fulcrum",https://thefulcrum.ca/sciencetech/students-information-leaked-in-youtube-broadcast/,,,,,,,,,,,,REVIEW,OTHER
95138980-0997-11ec-863c-8359987c65e0,,1,2020,Software AG,54,1001 to 10000,DE,Unknown,REVIEW,asset.cloud Unknown/NA - narrative available,Y,OTHER,OTHER,,,,,,,,,,German tech giant Software AG down after ransomware attack,https://www.zdnet.com/article/german-tech-giant-software-ag-down-after-ransomware-attack/,,,,,,,,,,,,REVIEW,OTHER
cc26e7e0-099d-11ec-863c-8359987c65e0,,1,2021,Maritz Holding Inc.,54,1001 to 10000,US,Unknown,REVIEW,asset.cloud Unknown/NA - narrative available,Y,OTHER,OTHER,,Hours,2,,,,,,,Maritz employee accidentally emailed the wrong person information regarding employees in the employer-sponsored health plan,https://www.prnewswire.com/news-releases/maritz-holdings-inc-employees-notified-of-data-security-incident-301263320.html,,,,,,,,,,,,REVIEW,OTHER
c6cf08e0-30df-11ec-9798-915a6ecdc137,,1,2021,Veritas,54,1001 to 10000,IL,Unknown,REVIEW,asset.cloud Unknown/NA - narrative available,Y,OTHER,OTHER,,,,,,,,,,Iranian hackers release information of Israeli logistics company Veritas,https://www.jpost.com/breaking-news/iranian-hackers-release-information-of-israeli-logistics-company-veritas-667062,,,,,,,,,,,,REVIEW,OTHER
70e5f570-1199-11ec-a044-77090c8577a4,,1,2021,Bank Rakyat Indonesia ,52,Over 100000,ID,Unknown,REVIEW,asset.cloud Unknown/NA - narrative available,Y,OTHER,OTHER,,,,,,,,,,Bank Rakyat Indonesia experienced a breach when a hacker posted for sale one of their databases,https://www.marketing-interactive.com/bri-life-investigates-alleged-data-leak-of-2-million-customers,,,,,,,,,,,,REVIEW,OTHER
a46c7250-463e-11ec-b26b-73b5a62f8946,,1,2021,Airtel,51,10001 to 25000,IN,Unknown,REVIEW,asset.cloud Unknown/NA - narrative available,Y,OTHER,OTHER,,,,,,,,,,Over two million Airtel numbers along with users details like the address and Aadhaar numbers reportedly leaked in a data breach and were available on the web.,https://www.indiatoday.in/technology/news/story/exclusive-millions-of-airtel-numbers-with-aadhaar-details-and-user-data-likely-leaked-were-accessible-on-web-1765247-2021-02-02,,,,,,,,,,,,REVIEW,OTHER
6f7818d0-4637-11ec-b26b-73b5a62f8946,,1,2021,Tamil Nadu Public Distribution System,92,1001 to 10000,IN,Unknown,REVIEW,asset.cloud Unknown/NA - narrative available,Y,OTHER,OTHER,,,,,,,,,,"    Technisanct, a cyber security and big data startup headquartered in Bangalore, reports data breach of over 4.5 million citizens from the Public Distribution System (PDS) of the state of Tamil Nadu. Major details including Personal Identifiable Information (PII) and Aadhaar number of citizens have been kept for sale in a data sharing platform.      A link including from a file sharing platform leaking 5.2 million user data which includes 49,19,668 Aadhaar numbers was uploaded on a popular hac",https://www.databreaches.net/breach-of-data-in-public-distribution-system-of-tamil-nadu-identifies-technisanct/; https://www.expresscomputer.in/news/breach-of-data-in-public-distribution-system-of-tamil-nadu-identifies-technisanct/77284/,,,,,,,,,,,,REVIEW,OTHER
ec5c6ec0-25e2-11ec-8021-93be7268887c,,1,2021,T-Mobile,51,50001 to 100000,US,Unknown,REVIEW,asset.cloud Unknown/NA - narrative available,Y,MISCONFIG,MISCONFIG,MISCONFIG;CREDENTIAL,Days,3,,Days,3,,,,T-Mobile Investigating Claims of Massive Customer Data Breach possibly as a result of a misconfigured server,https://www.govinfosecurity.com/t-mobile-usa-investigates-possible-data-breach-a-17293,,,,,,,,,,,,REVIEW,MISCONFIG
89dd54a0-d9af-11eb-96ea-fd8a03dbb673,,1,2021,Maximus,54,25001 to 50000,US,Unknown,REVIEW,asset.cloud Unknown/NA - narrative available,Y,OTHER,OTHER,,Weeks,4,,,,,,,Maximus experienced unauthorized data access entrusted to it by Ohio Department of Medicaid, https://www.infosecurity-magazine.com/news/ohio-medicaid-provider-suffers/,,,,,,,,,,,,REVIEW,OTHER
16d36580-40d4-11ec-b81c-33d442e55df8,,1,2021,Ministry of Defense,92,Over 100000,GB,Unknown,REVIEW,asset.cloud Unknown/NA - narrative available,Y,OTHER,OTHER,,,,,,,,,,Ministry of Defense improperly redacts classified information,https://www.dailymail.co.uk/news/article-10075979/SAS-secrets-revealed-cut-paste-error.html,,,,,,,,,,,,REVIEW,OTHER
912160f0-8ddf-11ec-bb25-234a6ad089e5,,1,2021,Primary Care Support England,61,Large,GB,Unknown,REVIEW,asset.cloud Unknown/NA - narrative available,Y,OTHER,OTHER,,,,,,,,,,Some GPs found they were mistakenly given access to other people’s ‘sensitive’ pensions information after logging into their own account on PCSE’s new online portal.,https://www.pulsetoday.co.uk/news/practice-personal-finance/gps-mistakenly-given-online-access-to-pensions-data-belonging-to-colleagues/,,,,,,,,,,,,REVIEW,OTHER
770b3e20-f91f-11eb-98bb-95028a4c8b05,,1,2021,Southern Arkansas University,61,1001 to 10000,US,Unknown,REVIEW,asset.cloud Unknown/NA - narrative available,Y,OTHER,OTHER,,,,,,,,,,"South Arkansas University hit (again) by ransomware, this time Sodinokibi Ransomware group",https://www.databreaches.net/first-it-was-blackbaud-now-its-sodinokibi-southern-arkansas-university-becomes-a-breach-victim-again/,,,,,,,,,,,,REVIEW,OTHER
4a70e2f0-1c7b-11ec-bbb1-d17b99816d46,,1,2021,Acer,33,1001 to 10000,TW,Unknown,REVIEW,asset.cloud Unknown/NA - narrative available,Y,OTHER,OTHER,,,,,,,,,,Acer hit by apparent attack from REvil ransomware group,https://www.databreaches.net/acer-data-breach-sodinokibi-ransomware-group-publishes-first-stolen-data/,,,,,,,,,,,,REVIEW,OTHER
87fc4060-163b-11ec-a5a5-ebf8acd2a8b6,,1,2021,DuPage Medical Group,62,1001 to 10000,US,Unknown,REVIEW,asset.cloud Unknown/NA - narrative available,Y,OTHER,OTHER,,Days,3,1,,,,,,"DuPage Med­ical Group on Monday announced it will mail letters to­ 600,000 patients notifying them their personal information may have been compromised last month when its computer network was hacked.  DuPage Medical Group is the largest independent physician group in Illinois.  Patients’ personal information may include names, address­es, dates of birth, diag­no­sis codes and information on medical procedures and treatment dates. The hackers may have accessed the Social Security num­bers for a ",https://chicago.suntimes.com/business/2021/8/30/22649201/dupage-medical-group-notifying-patients-data-breach ; ,,,,,,,,,,,,REVIEW,OTHER
c6302210-02db-11ed-8b5b-6134b3849169,,1,2021,Battelle for Kids,54,25001 to 50000,US,Unknown,REVIEW,asset.cloud Unknown/NA - narrative available,Y,OTHER,OTHER,,,,,,,,,,Battelle for Kids were impacted by ransomware which in resulted impacted many of their clients who were local school in IL,https://chicago.suntimes.com/education/2022/5/20/23132983/cps-public-schools-data-breach-students-employees-records-battelle-kids,,,,,,,,,,,,REVIEW,OTHER
2ddb2b30-1647-11ec-8258-83f74c3914c9,,1,2021,Walmart,45,Over 100000,CA,Unknown,REVIEW,asset.cloud Unknown/NA - narrative available,Y,OTHER,OTHER,,,,,,,,,,Data exposure flaw on Walmart.ca revealed personal customer information,https://www.ctvnews.ca/sci-tech/data-exposure-flaw-on-walmart-ca-revealed-personal-customer-information-1.5256105,,,,,,,,,,,,REVIEW,OTHER
288c0c00-4890-11ec-be64-495e033b0bce,,1,2021,Adecco Group,56,25001 to 50000,SE,Unknown,REVIEW,asset.cloud Unknown/NA - narrative available,Y,OTHER,OTHER,,,,,,,,,,"Company hacked, data posted for sale on hacking forum.",https://cybernews.com/security/5-million-adecco-com-users-data-leaked/?&web_view=true; https://www2.staffingindustry.com/eng/Editorial/Daily-News/World-Adecco-Group-investigating-serious-data-breach-56940,,,,,,,,,,,,REVIEW,OTHER
64436070-f135-11eb-8c8a-5968a0b53910,,1,2021,Simon Fraiser University,61,1001 to 10000,CA,Unknown,REVIEW,asset.cloud Unknown/NA - narrative available,Y,OTHER,OTHER,,,,,,,,,,Simon Fraiser University experienced a cybersecurity breach that resulted in disclosure of student and faculty personal data,https://vancouversun.com/news/student-data-breached-in-cyber-attack-on-simon-fraser-university,,,,,,,,,,,,REVIEW,OTHER
9bb8e910-8e99-11ec-a600-657ec2694f8f,,1,2021,Twitch,51,1001 to 10000,US,Unknown,REVIEW,asset.cloud Unknown/NA - narrative available,Y,MISCONFIG,MISCONFIG,MISCONFIG,,,,,,,,,Streaming service twitch is compromised after hackers discovered a misconfigured switch which exposed internal resources,https://www.lightreading.com/security/twitch-gets-hacked-in-biggest-data-breach-ever/d/d-id/772624?_mc=RSS_LR_EDT,,,,,,,,,,,,REVIEW,MISCONFIG
DDED1838-6B52-4F2E-8572-854E71D52165,,1,2024,Softway Medical Group,51,1001 to 10000,FR,Unknown,REVIEW,asset.cloud Unknown/NA - narrative available,Y,THIRD_PARTY,CREDENTIAL,THIRD_PARTY;CREDENTIAL,,,,,,,,,"""A data breach at an unnamed French hospital exposed the medical records of 750,000 patients after a threat actor gained access to its electronic patient record system.  A threat actor using the nickname 'nears' (previously near2tlg) claimed to have attacked multiple healthcare facilities in France, alleging that they have access to the patient records of over 1,500,000 people.  The hacker claims they breached MediBoard by Software Medical Group, a company offering Electronic Patient Record (EPR",https://www.tripwire.com/state-of-security/750000-patients-medical-records-exposed-after-data-breach-french-hospital; https://www.bleepingcomputer.com/news/security/cyberattack-at-french-hospital-exposes-health-data-of-750-000-patients/,,,,,,,,,,,,REVIEW,THIRD_PARTY
E7CFB8E6-7C28-4DC5-9FE4-D5D97C0747AC,,1,2024,Blue Yonder,51,1001 to 10000,US,Unknown,REVIEW,asset.cloud Unknown/NA - narrative available,Y,OTHER,OTHER,,,,,,,,,,"""“On November 21, 2024, Blue Yonder experienced disruptions to its managed services hosted environment, which was determined to be the result of a ransomware incident,” Blue Yonder said in an initial public statement on Friday. The company said in an updated statement on Saturday it was making “steady progress” in its recovery but still did not have a “timeline for restoration.”  Immediate impact was felt in the United Kingdom, where two of the four biggest grocery chains told CNN they were taki",https://www.kcra.com/article/software-company-grocery-stores-ransomware-attack/63007596; https://www.darkreading.com/cyberattacks-data-breaches/ransomware-attack-blue-yonder-starbucks-supermarkets; https://www.cbsnews.com/news/starbucks-ransomware-attack-blue-yonder-barista/; https://therecord.media/starbucks-bic-morrisons-blue-yonder-supply-chain-attack-ransomware; https://www.blackfog.com/ransomware-meets-retail-blue-yonder-attack/; https://www.securityweek.com/blue-yonder-probing-data-theft-c,,,,,,,,,,,,REVIEW,OTHER
12A05887-6463-48A9-A2CD-7C958C5D31D1,,1,2024,Conduent Business Services,56,50001 to 100000,US,Unknown,REVIEW,asset.cloud Unknown/NA - narrative available,Y,OTHER,OTHER,,,,,,,,,,"""Conduent Inc. warned in an April 14 regulatory filing with the Securities and Exchange Commission that a “significant” number of people had their personal data stolen in a January cyberattack that affected a limited number of the company’s clients. The company, a major government payments technology vendor for social services and transit systems, was targeted in a Jan. 13 attack that disrupted certain operations. The company warned it has incurred and accrued a material amount of nonrecurring e",https://www.cybersecuritydive.com/news/government-payments-conduent-cyberattack/738123/; https://www.cybersecuritydive.com/news/conduent-data-breach-began-2024-intrusion/803930/; https://www.crn.com/news/security/2025/conduent-discloses-theft-of-client-data-in-hack-significant-number-of-individuals-impacted?itc=refresh; https://dailymontanan.com/2025/10/22/state-officials-blue-cross-blue-shield-breach-could-compromise-one-third-of-all-residents-data/; https://www.cybersecuritydive.com/news/condu,,,,,,,,,,,,REVIEW,OTHER
E4D6823E-AF83-4265-9B88-8DC0AFB3419F,,1,2024,Unnamed Partner,51,50001 to 100000,FI,Unknown,REVIEW,asset.cloud Unknown/NA - narrative available,Y,THIRD_PARTY,THIRD_PARTY,THIRD_PARTY,,,,,,,,,"""Nokia is investigating a third-party security breach after prolific threat actor IntelBroker listed the company’s allegedly stolen source code for sale on the dark web forum BreachForums. The threat actor claims the data was pulled from a third-party developer’s server who helped Nokia develop internal tools.""",https://www.techzine.eu/news/security/125963/nokia-investigates-hack-caused-by-default-password/; https://www.theregister.com/2024/11/06/nokia_data_theft/; https://www.forbes.com/sites/daveywinder/2024/11/07/hacker-selling-nokia-data-for-20000-nokia-says-nothing-to-see-here/; https://www.darkreading.com/cyberattacks-data-breaches/nokia-no-evidence-so-far-hackers-breached-company-data; https://www.cpomagazine.com/cyber-security/nokia-security-breach-leaks-source-code-login-credentials-keys-and-mo,,,,,,,,,,,,REVIEW,THIRD_PARTY
BBEE2583-64CE-4A0F-9F8B-EC2114385094,,1,2025,SK shieldus,56,1001 to 10000,KP,Unknown,REVIEW,asset.cloud Unknown/NA - narrative available,Y,THIRD_PARTY,CREDENTIAL,THIRD_PARTY;CREDENTIAL,,,,,,,,,"""According to the SK shieldus breach investigation underway by the Ministry of Science and ICT, about 15GB of data was leaked through the personal email accounts of two internal employees. The leaked data is understood to include information on a total of 120 private companies—15 financial institutions including SK Telecom and 105 other private companies—as well as numerous public institutions.  According to the document “SK shieldus breach response status” obtained by People Power Party lawmake",https://biz.chosun.com/en/en-it/2025/10/27/TBFOICOBIJABJPHSYEGEWLDB6Q/; https://www.chosun.com/english/industry-en/2025/10/20/ESYGLX26P5A3BFJQMMJJSX2YMU/; https://www.theitplus.kr/news/articleView.html?idxno=1392,,,,,,,,,,,,REVIEW,THIRD_PARTY
37693CFC-7480-49E4-5D87-B8C7D8B9AACD,,1,2025,ContentSquare,51,1001 to 10000,FR,Unknown,REVIEW,asset.cloud Unknown/NA - narrative available,Y,CREDENTIAL,CREDENTIAL,CREDENTIAL,,,,,,,,,Document no longer available,https://trust.contentsquare.com/?tcuUid=2c81adf8-1e70-4130-9d1d-94966df59058,,,,,,,,,,,,REVIEW,CREDENTIAL
C1037873-BB0C-4468-8382-0E1C47D24385,,1,2025,Cerner/Oracle Health,54,1001 to 10000,US,Unknown,REVIEW,asset.cloud Unknown/NA - narrative available,Y,THIRD_PARTY,THIRD_PARTY,THIRD_PARTY,,,,,,,,,"""A breach at Oracle Health impacts multiple US healthcare organizations and hospitals after a threat actor stole patient data from legacy servers.  Oracle Health has not yet publicly disclosed the incident, but in private communications sent to impacted customers and from conversations with those involved, BleepingComputer confirmed that patient data was stolen in the attack.  Oracle Health, formerly known as Cerner, is a healthcare software-as-a-service (SaaS) company offering Electronic Health",https://www.bleepingcomputer.com/news/security/oracle-health-breach-compromises-patient-data-at-us-hospitals/; https://www.govinfosecurity.com/oracle-health-responding-to-hack-legacy-cerner-ehr-data-a-27884?rf=2025-04-01_ENEWS_SUB_GIS__Slot6_ART27884; https://www.cpomagazine.com/cyber-security/oracle-health-data-breach-affected-multiple-hospitals-potentially-leaking-sensitive-patient-information/; https://www.govinfosecurity.com/indiana-health-system-notifies-263000-oracle-hack-a-28353; https://,,,,,,,,,,,,REVIEW,THIRD_PARTY
C1239FF6-A606-4273-A72E-F23788AA9421,,716,2023,MOVEIT campaign (716 victims),61,Large,US,On-Premise Asset(s),ONPREM,asset.cloud = On-Premise,,UNPATCHED,UNPATCHED,UNPATCHED,,,,,,,,,MOVEit vulnerability exploited.  Data stolen.,https://www.cybersecurity-insiders.com/list-of-victimized-companies-of-moveit-cyber-attack/,,,,,,,,,,,MOVEIT,ONPREM,UNPATCHED
4041a7b0-246a-11eb-b042-01be07ea3379,,44,2019,SFSE campaign (44 victims),56,1001 to 10000,CA,Unknown,REVIEW,asset.cloud Unknown/NA - narrative available,Y,CREDENTIAL,CREDENTIAL,CREDENTIAL,Weeks,4,14,,,,,,credential stuffing on financial website breaches PII (enough for identity theft),"https://www.bleepingcomputer.com/news/security/credit-info-exposed-in-transunion-data-security-incident/,https://www.itworldcanada.com/article/canadian-credit-reporting-agency-compromised-through-third-party/422576,https://www.scmagazine.com/home/security-news/stolen-credentials-used-to-access-transunion-canadas-consumer-credit-files/,",,,,,,,,,,,SFSE,CLOUD,CREDENTIAL
70EFDF2E-C9B0-8607-9795-C442636B55FB,,24,2025,DRIFT campaign (24 victims),51,1001 to 10000,US,Unknown,REVIEW,asset.cloud Unknown/NA - narrative available,Y,CREDENTIAL,CREDENTIAL,CREDENTIAL,,,,,,,,,"""In August 2025, a cyberattack on Salesloft’s Drift application resulted in unauthorized access to Salesforce CRM data from companies using the third-party app. Salesloft and Salesforce have since taken steps to disable the compromised connections and notify their affected customers. Like many companies, Dynatrace was among those affected by the Salesloft incident. We took immediate steps to protect our systems and customers. As of September 7th, we have been notified by Salesloft that the conne",https://www.dynatrace.com/news/blog/salesloft-drift-incident-dynatraces-response/,,,,,,,,,,,DRIFT,CLOUD,THIRD_PARTY
A87FF679-A2F3-E71D-9181-A67B7542122C,,13,2025,EBS campaign (13 victims),61,1001 to 10000,US,Unknown,REVIEW,asset.cloud Unknown/NA - narrative available,Y,UNPATCHED,UNPATCHED,UNPATCHED,,,,,,,,,"""Dartmouth College has disclosed a data breach after the Clop extortion gang leaked data allegedly stolen from the school's Oracle E-Business Suite servers on its dark web leak site.  In a breach notification letter filed with the office of Maine's Attorney General, Dartmouth says the attackers exploited an Oracle E-Business Suite (EBS) zero-day vulnerability to steal personal information belonging to 10,471 individuals.""",https://www.bleepingcomputer.com/news/security/dartmouth-college-confirms-data-breach-after-clop-extortion-attack/; https://www.maine.gov/agviewer/content/ag/985235c7-cb95-4be2-8792-a1252b4f8318/a69e0001-a0f8-46d9-a49d-cb01159afec2.html; https://www.nhpr.org/nh-news/2025-12-02/dartmouth-college-data-breach-exposes-personal-info,,,,,,,,,,,EBS,ONPREM,UNPATCHED
